source_uniprot	source_name	target_uniprot	target_name	uniprot_residue	source_name2	aligned_residue	residue_node
A2VCK2	HUMAN Doublecortin domain-containing protein 2B	P05114	HUMAN Non-histone chromosomal protein HMG-14	NA	A2VCK2	NA	A2VCK2
A4D263	HUMAN Uncharacterized protein C7orf72	O75844	HUMAN CAAX prenyl protease 1 homolog	NA	A4D263	NA	A4D263
P10412	H1	P05204	HUMAN Non-histone chromosomal protein HMG-17	20	H1	24	H1_24
P10412	H1	P05204	HUMAN Non-histone chromosomal protein HMG-17	25	H1	29	H1_29
Q02539	H1	P05204	HUMAN Non-histone chromosomal protein HMG-17	25	H1	29	H1_29
Q02539	H1	Q9Y236;Q9Y236-2	HUMAN Oxidative stress-induced growth inhibitor 2	28	H1	32	H1_32
P10412	H1	Q8N6M6;Q8N6M6-2;Q8N6M6-4	HUMAN Aminopeptidase O	33	H1	40	H1_40
P10412	H1	Q8WUU4	HUMAN Zinc finger protein 296	33	H1	40	H1_40
P10412	H1	O60673;O60673-2	HUMAN DNA polymerase zeta catalytic subunit	45	H1	61	H1_61
P10412	H1	P46087	HUMAN Probable 28S rRNA (cytosine(4447)-C(5))-methyltransferase	45	H1	61	H1_61
P10412	H1	Q68DE3	HUMAN Basic helix-loop-helix domain-containing protein USF3	45	H1	61	H1_61
P10412	H1	Q6NXP0	HUMAN EF-hand calcium-binding domain-containing protein 12	45	H1	61	H1_61
P10412	H1	Q8TD16;Q8TD16-2	HUMAN Protein bicaudal D homolog 2	45	H1	61	H1_61
P10412	H1	Q8WUU4	HUMAN Zinc finger protein 296	45	H1	61	H1_61
P10412	H1	Q9NQZ2	HUMAN Something about silencing protein 10	45	H1	61	H1_61
P10412	H1	Q9UKX7;Q9UKX7-2	HUMAN Nuclear pore complex protein Nup50	45	H1	61	H1_61
P10412	H1	Q99626	HUMAN Homeobox protein CDX-2	51	H1	67	H1_67
P16401	H1	Q99626	HUMAN Homeobox protein CDX-2	54	H1	67	H1_67
P10412	H1	Q6IN85;Q6IN85-2;Q6IN85-4	HUMAN Serine/threonine-protein phosphatase 4 regulatory subunit 3A	62	H1	78	H1_78
Q02539	H1	Q6IN85;Q6IN85-2;Q6IN85-4	HUMAN Serine/threonine-protein phosphatase 4 regulatory subunit 3A	65	H1	78	H1_78
P07305	H1	P48741	HUMAN Putative heat shock 70 kDa protein 7	58	H1	89	H1_89
P10412	H1	O15090	HUMAN Zinc finger protein 536	74	H1	92	H1_92
P10412	H1	O60673;O60673-2	HUMAN DNA polymerase zeta catalytic subunit	74	H1	92	H1_92
P10412	H1	P33992	HUMAN DNA replication licensing factor MCM5	74	H1	92	H1_92
P10412	H1	Q13426;Q13426-2;Q13426-3	HUMAN DNA repair protein XRCC4	74	H1	92	H1_92
P10412	H1	Q14678;Q14678-2	HUMAN KN motif and ankyrin repeat domain-containing protein 1	74	H1	92	H1_92
P10412	H1	Q7Z7G8	HUMAN Vacuolar protein sorting-associated protein 13B	74	H1	92	H1_92
P10412	H1	Q9H6T0;Q9H6T0-2	HUMAN Epithelial splicing regulatory protein 2	74	H1	92	H1_92
P10412	H1	O15090	HUMAN Zinc finger protein 536	89	H1	108	H1_108
P10412	H1	O60673;O60673-2	HUMAN DNA polymerase zeta catalytic subunit	89	H1	108	H1_108
P10412	H1	P62826	HUMAN GTP-binding nuclear protein Ran	89	H1	108	H1_108
P10412	H1	Q13459;Q13459-2	HUMAN Unconventional myosin-IXb	89	H1	108	H1_108
P10412	H1	Q96EZ8;Q96EZ8-2;Q96EZ8-3	HUMAN Microspherule protein 1	89	H1	108	H1_108
P10412	H1	Q9HCK1	HUMAN DBF4-type zinc finger-containing protein 2	89	H1	108	H1_108
P10412	H1	Q9NQZ2	HUMAN Something about silencing protein 10	89	H1	108	H1_108
P16401	H1	O15090	HUMAN Zinc finger protein 536	92	H1	108	H1_108
P16401	H1	O60673;O60673-2	HUMAN DNA polymerase zeta catalytic subunit	92	H1	108	H1_108
P16401	H1	P62826	HUMAN GTP-binding nuclear protein Ran	92	H1	108	H1_108
P16401	H1	Q13459;Q13459-2	HUMAN Unconventional myosin-IXb	92	H1	108	H1_108
P16401	H1	Q96EZ8;Q96EZ8-2;Q96EZ8-3	HUMAN Microspherule protein 1	92	H1	108	H1_108
P16401	H1	Q9HCK1	HUMAN DBF4-type zinc finger-containing protein 2	92	H1	108	H1_108
P16401	H1	Q9NQZ2	HUMAN Something about silencing protein 10	92	H1	108	H1_108
P10412	H1	P46087	HUMAN Probable 28S rRNA (cytosine(4447)-C(5))-methyltransferase	96	H1	118	H1_118
P10412	H1	Q6IN85;Q6IN85-2;Q6IN85-4	HUMAN Serine/threonine-protein phosphatase 4 regulatory subunit 3A	96	H1	118	H1_118
P10412	H1	Q8TD16;Q8TD16-2	HUMAN Protein bicaudal D homolog 2	96	H1	118	H1_118
P16401	H1	P46087	HUMAN Probable 28S rRNA (cytosine(4447)-C(5))-methyltransferase	99	H1	118	H1_118
P16401	H1	Q6IN85;Q6IN85-2;Q6IN85-4	HUMAN Serine/threonine-protein phosphatase 4 regulatory subunit 3A	99	H1	118	H1_118
P16401	H1	Q8TD16;Q8TD16-2	HUMAN Protein bicaudal D homolog 2	99	H1	118	H1_118
P10412	H1	A6NJL1	HUMAN Zinc finger and SCAN domain-containing protein 5B	105	H1	127	H1_127
P10412	H1	P55197	HUMAN Protein AF-10	105	H1	127	H1_127
P10412	H1	Q6ZQQ6-2	HUMAN Isoform 2 of WD repeat-containing protein 87	105	H1	127	H1_127
P10412	H1	Q7L2E3;Q7L2E3-2;Q7L2E3-3	HUMAN Putative ATP-dependent RNA helicase DHX30	105	H1	127	H1_127
P10412	H1	Q8IY18	HUMAN Structural maintenance of chromosomes protein 5	105	H1	127	H1_127
P10412	H1	Q8TD16;Q8TD16-2	HUMAN Protein bicaudal D homolog 2	105	H1	127	H1_127
P10412	H1	Q9UHB7;Q9UHB7-2	HUMAN AF4/FMR2 family member 4	105	H1	127	H1_127
P16401	H1	A6NJL1	HUMAN Zinc finger and SCAN domain-containing protein 5B	108	H1	127	H1_127
P16401	H1	P55197	HUMAN Protein AF-10	108	H1	127	H1_127
P16401	H1	Q6ZQQ6-2	HUMAN Isoform 2 of WD repeat-containing protein 87	108	H1	127	H1_127
P16401	H1	Q7L2E3;Q7L2E3-2;Q7L2E3-3	HUMAN Putative ATP-dependent RNA helicase DHX30	108	H1	127	H1_127
P16401	H1	Q8IY18	HUMAN Structural maintenance of chromosomes protein 5	108	H1	127	H1_127
P16401	H1	Q8TD16;Q8TD16-2	HUMAN Protein bicaudal D homolog 2	108	H1	127	H1_127
P16401	H1	Q9UHB7;Q9UHB7-2	HUMAN AF4/FMR2 family member 4	108	H1	127	H1_127
P10412	H1	P17096	HUMAN High mobility group protein HMG-I/HMG-Y	109	H1	140	H1_140
P10412	H1	Q13459;Q13459-2	HUMAN Unconventional myosin-IXb	109	H1	140	H1_140
P16401	H1	P17096	HUMAN High mobility group protein HMG-I/HMG-Y	112	H1	140	H1_140
P16401	H1	Q13459;Q13459-2	HUMAN Unconventional myosin-IXb	112	H1	140	H1_140
Q02539	H1	Q5VZL5;Q5VZL5-2;Q5VZL5-4	HUMAN Zinc finger MYM-type protein 4	112	H1	140	H1_140
P10412	H1	P05204	HUMAN Non-histone chromosomal protein HMG-17	116	H1	147	H1_147
P10412	H1	P46087	HUMAN Probable 28S rRNA (cytosine(4447)-C(5))-methyltransferase	116	H1	147	H1_147
P10412	H1	Q13459;Q13459-2	HUMAN Unconventional myosin-IXb	116	H1	147	H1_147
P10412	H1	Q8TD16;Q8TD16-2	HUMAN Protein bicaudal D homolog 2	116	H1	147	H1_147
P10412	H1	Q92576;Q92576-2	HUMAN PHD finger protein 3	116	H1	147	H1_147
P10412	H1	Q99626	HUMAN Homeobox protein CDX-2	116	H1	147	H1_147
P10412	H1	Q9BYN7	HUMAN Zinc finger protein 341	116	H1	147	H1_147
P10412	H1	Q9NQZ2	HUMAN Something about silencing protein 10	116	H1	147	H1_147
P10412	H1	Q9Y4B4	HUMAN Helicase ARIP4	116	H1	147	H1_147
P16401	H1	P05204	HUMAN Non-histone chromosomal protein HMG-17	119	H1	147	H1_147
P16401	H1	P46087	HUMAN Probable 28S rRNA (cytosine(4447)-C(5))-methyltransferase	119	H1	147	H1_147
P16401	H1	Q13459;Q13459-2	HUMAN Unconventional myosin-IXb	119	H1	147	H1_147
P16401	H1	Q8TD16;Q8TD16-2	HUMAN Protein bicaudal D homolog 2	119	H1	147	H1_147
P16401	H1	Q92576;Q92576-2	HUMAN PHD finger protein 3	119	H1	147	H1_147
P16401	H1	Q99626	HUMAN Homeobox protein CDX-2	119	H1	147	H1_147
P16401	H1	Q9BYN7	HUMAN Zinc finger protein 341	119	H1	147	H1_147
P16401	H1	Q9NQZ2	HUMAN Something about silencing protein 10	119	H1	147	H1_147
P16401	H1	Q9Y4B4	HUMAN Helicase ARIP4	119	H1	147	H1_147
P16403	H1	Q9NQZ2	HUMAN Something about silencing protein 10	116	H1	147	H1_147
Q02539	H1	O75912	HUMAN Diacylglycerol kinase iota	119	H1	147	H1_147
Q02539	H1	P26196	HUMAN Probable ATP-dependent RNA helicase DDX6	119	H1	147	H1_147
Q02539	H1	Q8IY18	HUMAN Structural maintenance of chromosomes protein 5	119	H1	147	H1_147
Q02539	H1	Q9NQ66;Q9NQ66-2	HUMAN 1-phosphatidylinositol 4	119	H1	147	H1_147
P10412	H1	Q8TD16;Q8TD16-2	HUMAN Protein bicaudal D homolog 2	118	H1	149	H1_149
P16401	H1	Q8TD16;Q8TD16-2	HUMAN Protein bicaudal D homolog 2	121	H1	149	H1_149
P16403	H1	Q8TD16;Q8TD16-2	HUMAN Protein bicaudal D homolog 2	118	H1	149	H1_149
Q02539	H1	O75912	HUMAN Diacylglycerol kinase iota	124	H1	152	H1_152
P10412	H1	P02545	HUMAN Prelamin-A/C	126	H1	157	H1_157
P16401	H1	P02545	HUMAN Prelamin-A/C	129	H1	157	H1_157
P16403	H1	Q8TD16;Q8TD16-2	HUMAN Protein bicaudal D homolog 2	126	H1	157	H1_157
P10412	H1	Q96MN5;Q96MN5-2	HUMAN Transcription elongation factor A N-terminal and central domain-containing protein 2	128	H1	159	H1_159
P16403	H1	Q5SSJ5;Q5SSJ5-2;Q5SSJ5-3	HUMAN Heterochromatin protein 1-binding protein 3	128	H1	159	H1_159
P16403	H1	Q9UIG0	HUMAN Tyrosine-protein kinase BAZ1B	128	H1	159	H1_159
P16403	H1	O15054	HUMAN Lysine-specific demethylase 6B	129	H1	160	H1_160
P16403	H1	P35269	HUMAN General transcription factor IIF subunit 1	129	H1	160	H1_160
P16403	H1	Q8TD16;Q8TD16-2	HUMAN Protein bicaudal D homolog 2	129	H1	160	H1_160
P10412	H1	Q96QH2;Q96QH2-2	HUMAN PML-RARA-regulated adapter molecule 1	136	H1	167	H1_167
P10412	H1	Q5SSJ5;Q5SSJ5-2;Q5SSJ5-3	HUMAN Heterochromatin protein 1-binding protein 3	139	H1	170	H1_170
P10412	H1	Q6PIW4;Q6PIW4-2	HUMAN Fidgetin-like protein 1	139	H1	170	H1_170
P10412	H1	Q8TD16;Q8TD16-2	HUMAN Protein bicaudal D homolog 2	139	H1	170	H1_170
P10412	H1	Q9BYN7-2	HUMAN Isoform 2 of Zinc finger protein 341	139	H1	170	H1_170
P16403	H1	O60673;O60673-2	HUMAN DNA polymerase zeta catalytic subunit	139	H1	170	H1_170
P16403	H1	Q13459;Q13459-2	HUMAN Unconventional myosin-IXb	139	H1	170	H1_170
P16403	H1	Q9Y6Q1	HUMAN Calpain-6	139	H1	170	H1_170
P10412	H1	Q9NQZ2	HUMAN Something about silencing protein 10	147	H1	178	H1_178
P10412	H1	Q9Y4B4	HUMAN Helicase ARIP4	147	H1	178	H1_178
P16403	H1	Q13459;Q13459-2	HUMAN Unconventional myosin-IXb	147	H1	178	H1_178
P16403	H1	Q6IN85;Q6IN85-2;Q6IN85-4	HUMAN Serine/threonine-protein phosphatase 4 regulatory subunit 3A	147	H1	178	H1_178
P16403	H1	Q8TD16;Q8TD16-2	HUMAN Protein bicaudal D homolog 2	147	H1	178	H1_178
P16403	H1	Q92576;Q92576-2	HUMAN PHD finger protein 3	147	H1	178	H1_178
P10412	H1	Q9UIG0	HUMAN Tyrosine-protein kinase BAZ1B	158	H1	190	H1_190
P16403	H1	Q96L73;Q96L73-2;Q96L73-3	HUMAN Histone-lysine N-methyltransferase	158	H1	190	H1_190
P10412	H1	Q3YEC7;Q3YEC7-2	HUMAN Rab-like protein 6	159	H1	191	H1_191
P10412	H1	Q6ZQQ6	HUMAN WD repeat-containing protein 87	159	H1	191	H1_191
P16403	H1	Q13459;Q13459-2	HUMAN Unconventional myosin-IXb	159	H1	191	H1_191
P16403	H1	Q5SSJ5;Q5SSJ5-2;Q5SSJ5-3	HUMAN Heterochromatin protein 1-binding protein 3	159	H1	191	H1_191
P16403	H1	Q96L73;Q96L73-2;Q96L73-3	HUMAN Histone-lysine N-methyltransferase	159	H1	191	H1_191
P16403	H1	Q9NQZ2	HUMAN Something about silencing protein 10	159	H1	191	H1_191
P10412	H1	Q8TD16;Q8TD16-2	HUMAN Protein bicaudal D homolog 2	167	H1	199	H1_199
P16403	H1	P18858;P18858-2;P18858-3	HUMAN DNA ligase 1	167	H1	199	H1_199
P16403	H1	Q96L73;Q96L73-2;Q96L73-3	HUMAN Histone-lysine N-methyltransferase	167	H1	199	H1_199
P10412	H1	Q8TD16;Q8TD16-2	HUMAN Protein bicaudal D homolog 2	176	H1	218	H1_218
P16401	H1	Q5SSJ5;Q5SSJ5-2;Q5SSJ5-3	HUMAN Heterochromatin protein 1-binding protein 3	198	H1	226	H1_226
P16401	H1	Q8TD16;Q8TD16-2	HUMAN Protein bicaudal D homolog 2	198	H1	226	H1_226
P16401	H1	O75844	HUMAN CAAX prenyl protease 1 homolog	216	H1	244	H1_244
P16402	H1	P17096	HUMAN High mobility group protein HMG-I/HMG-Y	193	H1	263	H1_263
P16403	H1	Q13459;Q13459-2	HUMAN Unconventional myosin-IXb	190	H1	263	H1_263
P16403	H1	Q8TD16;Q8TD16-2	HUMAN Protein bicaudal D homolog 2	190	H1	263	H1_263
P10412	H1	Q5SSJ5;Q5SSJ5-2;Q5SSJ5-3	HUMAN Heterochromatin protein 1-binding protein 3	196	H1	268	H1_268
P10412	H1	Q8TD16;Q8TD16-2	HUMAN Protein bicaudal D homolog 2	196	H1	268	H1_268
Q02539	H1	Q9NQZ2	HUMAN Something about silencing protein 10	200	H1	287	H1_287
Q8IZA3	H1	P35268	HUMAN 60S ribosomal protein L22	284	H1	287	H1_287
Q02539	H1	Q14839	HUMAN Chromodomain-helicase-DNA-binding protein 4	202	H1	289	H1_289
Q02539	H1	P05204	HUMAN Non-histone chromosomal protein HMG-17	212	H1	304	H1_304
P04908	H2A	P02545	HUMAN Prelamin-A/C	5	H2A	8	H2A_8
P04908	H2A	P02545	HUMAN Prelamin-A/C	5	H2A	8	H2A_8
P04908	H2A	P05204	HUMAN Non-histone chromosomal protein HMG-17	5	H2A	8	H2A_8
P04908	H2A	P0CG47	HUMAN Ubiquitin-60S ribosomal protein L40	5	H2A	8	H2A_8
P04908	H2A	P0CG48	HUMAN Ubiquitin-60S ribosomal protein L40	5	H2A	8	H2A_8
P04908	H2A	P17096	HUMAN High mobility group protein HMG-I/HMG-Y	5	H2A	8	H2A_8
P04908	H2A	P17096	HUMAN High mobility group protein HMG-I/HMG-Y	5	H2A	8	H2A_8
P04908	H2A	P18754	HUMAN Regulator of chromosome condensation	5	H2A	8	H2A_8
P04908	H2A	P62979	HUMAN Ubiquitin-60S ribosomal protein L40	5	H2A	8	H2A_8
P04908	H2A	P62987	HUMAN Ubiquitin-60S ribosomal protein L40	5	H2A	8	H2A_8
P0C0S8	H2A	P02545	HUMAN Prelamin-A/C	5	H2A	8	H2A_8
P0C0S8	H2A	P02545	HUMAN Prelamin-A/C	5	H2A	8	H2A_8
P0C0S8	H2A	P05204	HUMAN Non-histone chromosomal protein HMG-17	5	H2A	8	H2A_8
P0C0S8	H2A	P0CG47	HUMAN Ubiquitin-60S ribosomal protein L40	5	H2A	8	H2A_8
P0C0S8	H2A	P0CG48	HUMAN Ubiquitin-60S ribosomal protein L40	5	H2A	8	H2A_8
P0C0S8	H2A	P17096	HUMAN High mobility group protein HMG-I/HMG-Y	5	H2A	8	H2A_8
P0C0S8	H2A	P17096	HUMAN High mobility group protein HMG-I/HMG-Y	5	H2A	8	H2A_8
P0C0S8	H2A	P18754	HUMAN Regulator of chromosome condensation	5	H2A	8	H2A_8
P0C0S8	H2A	P62979	HUMAN Ubiquitin-60S ribosomal protein L40	5	H2A	8	H2A_8
P0C0S8	H2A	P62987	HUMAN Ubiquitin-60S ribosomal protein L40	5	H2A	8	H2A_8
Q9BTM1	H2A	P02545	HUMAN Prelamin-A/C	5	H2A	8	H2A_8
Q9BTM1	H2A	P02545	HUMAN Prelamin-A/C	5	H2A	8	H2A_8
Q9BTM1	H2A	P05204	HUMAN Non-histone chromosomal protein HMG-17	5	H2A	8	H2A_8
Q9BTM1	H2A	P0CG47	HUMAN Ubiquitin-60S ribosomal protein L40	5	H2A	8	H2A_8
Q9BTM1	H2A	P0CG48	HUMAN Ubiquitin-60S ribosomal protein L40	5	H2A	8	H2A_8
Q9BTM1	H2A	P17096	HUMAN High mobility group protein HMG-I/HMG-Y	5	H2A	8	H2A_8
Q9BTM1	H2A	P17096	HUMAN High mobility group protein HMG-I/HMG-Y	5	H2A	8	H2A_8
Q9BTM1	H2A	P18754	HUMAN Regulator of chromosome condensation	5	H2A	8	H2A_8
Q9BTM1	H2A	P62979	HUMAN Ubiquitin-60S ribosomal protein L40	5	H2A	8	H2A_8
Q9BTM1	H2A	P62987	HUMAN Ubiquitin-60S ribosomal protein L40	5	H2A	8	H2A_8
P04908	H2A	P17096	HUMAN High mobility group protein HMG-I/HMG-Y	9	H2A	12	H2A_12
P04908	H2A	P17096	HUMAN High mobility group protein HMG-I/HMG-Y	9	H2A	12	H2A_12
P0C0S8	H2A	P17096	HUMAN High mobility group protein HMG-I/HMG-Y	9	H2A	12	H2A_12
P0C0S8	H2A	P17096	HUMAN High mobility group protein HMG-I/HMG-Y	9	H2A	12	H2A_12
P0C0S8	H2A	Q9BR39	HUMAN Junctophilin-2	36	H2A	39	H2A_39
Q9BTM1	H2A	Q9BR39	HUMAN Junctophilin-2	36	H2A	39	H2A_39
P0C0S5	H2A	P62861	HUMAN 40S ribosomal protein S30	115	H2A	117	H2A_117
P0C0S5	H2A	Q8NE71;Q8NE71-2	HUMAN ATP-binding cassette sub-family F member 1	115	H2A	117	H2A_117
P0C0S5	H2A	Q9UHB7;Q9UHB7-2	HUMAN AF4/FMR2 family member 4	115	H2A	117	H2A_117
P04908	H2A	P05114	HUMAN Non-histone chromosomal protein HMG-14	119	H2A	123	H2A_123
P04908	H2A	P05204	HUMAN Non-histone chromosomal protein HMG-17	119	H2A	123	H2A_123
P0C0S8	H2A	P05114	HUMAN Non-histone chromosomal protein HMG-14	119	H2A	123	H2A_123
P0C0S8	H2A	P05204	HUMAN Non-histone chromosomal protein HMG-17	119	H2A	123	H2A_123
Q96KK5	H2A	P05204	HUMAN Non-histone chromosomal protein HMG-17	119	H2A	124	H2A_124
P04908	H2A	P17096	HUMAN High mobility group protein HMG-I/HMG-Y	125	H2A	154	H2A_154
P04908	H2A	Q5SSJ5;Q5SSJ5-2;Q5SSJ5-3	HUMAN Heterochromatin protein 1-binding protein 3	125	H2A	154	H2A_154
P0C0S8	H2A	P17096	HUMAN High mobility group protein HMG-I/HMG-Y	125	H2A	154	H2A_154
P0C0S8	H2A	Q5SSJ5;Q5SSJ5-2;Q5SSJ5-3	HUMAN Heterochromatin protein 1-binding protein 3	125	H2A	154	H2A_154
Q96KK5	H2A	P05204	HUMAN Non-histone chromosomal protein HMG-17	125	H2A	155	H2A_155
Q8IUE6	H2A	P17096	HUMAN High mobility group protein HMG-I/HMG-Y	127	H2A	157	H2A_157
P06899	H2B	A4D1E9;A4D1E9-3	HUMAN GTP-binding protein 10	4	H2B	6	H2B_6
P06899	H2B	P02545	HUMAN Prelamin-A/C	4	H2B	6	H2B_6
P06899	H2B	P05204	HUMAN Non-histone chromosomal protein HMG-17	4	H2B	6	H2B_6
P06899	H2B	P05204	HUMAN Non-histone chromosomal protein HMG-17	4	H2B	6	H2B_6
P06899	H2B	P17096	HUMAN High mobility group protein HMG-I/HMG-Y	4	H2B	6	H2B_6
P06899	H2B	P46087	HUMAN Probable 28S rRNA (cytosine(4447)-C(5))-methyltransferase	4	H2B	6	H2B_6
P06899	H2B	P48741	HUMAN Putative heat shock 70 kDa protein 7	4	H2B	6	H2B_6
P06899	H2B	Q03989	HUMAN AT-rich interactive domain-containing protein 5A	4	H2B	6	H2B_6
P06899	H2B	Q13127;Q13127-4	HUMAN RE1-silencing transcription factor	4	H2B	6	H2B_6
P06899	H2B	Q14764	HUMAN Major vault protein	4	H2B	6	H2B_6
P06899	H2B	Q14919;Q14919-2	HUMAN Dr1-associated corepressor	4	H2B	6	H2B_6
P06899	H2B	Q15361	HUMAN Transcription termination factor 1	4	H2B	6	H2B_6
P06899	H2B	Q53EL6;Q53EL6-2	HUMAN Programmed cell death protein 4	4	H2B	6	H2B_6
P06899	H2B	Q562F6;Q562F6-2;Q562F6-3	HUMAN Shugoshin-like 2	4	H2B	6	H2B_6
P06899	H2B	Q5T0F9;Q5T0F9-2;Q5T0F9-5	HUMAN Coiled-coil and C2 domain-containing protein 1B	4	H2B	6	H2B_6
P06899	H2B	Q68DE3	HUMAN Basic helix-loop-helix domain-containing protein USF3	4	H2B	6	H2B_6
P06899	H2B	Q6P2Q9	HUMAN Pre-mRNA-processing-splicing factor 8	4	H2B	6	H2B_6
P06899	H2B	Q8N3X1;Q8N3X1-2	HUMAN Formin-binding protein 4	4	H2B	6	H2B_6
P06899	H2B	Q8TBK6;Q8TBK6-2	HUMAN Zinc finger CCHC domain-containing protein 10	4	H2B	6	H2B_6
P06899	H2B	Q8TD16;Q8TD16-2	HUMAN Protein bicaudal D homolog 2	4	H2B	6	H2B_6
P06899	H2B	Q8WZ42	HUMAN Titin	4	H2B	6	H2B_6
P06899	H2B	Q96ES7	HUMAN SAGA-associated factor 29	4	H2B	6	H2B_6
P06899	H2B	Q96J77;Q96J77-2;Q96J77-3	HUMAN Tumor protein D55	4	H2B	6	H2B_6
P06899	H2B	Q96L73;Q96L73-2;Q96L73-3	HUMAN Histone-lysine N-methyltransferase	4	H2B	6	H2B_6
P06899	H2B	Q96N64;Q96N64-2;Q96N64-3	HUMAN PWWP domain-containing protein 2A	4	H2B	6	H2B_6
P06899	H2B	Q9BR39	HUMAN Junctophilin-2	4	H2B	6	H2B_6
P06899	H2B	Q9P281	HUMAN BAH and coiled-coil domain-containing protein 1	4	H2B	6	H2B_6
P06899	H2B	Q9UGP5	HUMAN DNA polymerase lambda	4	H2B	6	H2B_6
P06899	H2B	Q9UKX7;Q9UKX7-2	HUMAN Nuclear pore complex protein Nup50	4	H2B	6	H2B_6
P06899	H2B	Q9UKZ4;Q9UKZ4-2	HUMAN Teneurin-1	4	H2B	6	H2B_6
P58876	H2B	Q13127;Q13127-4	HUMAN RE1-silencing transcription factor	4	H2B	6	H2B_6
P58876	H2B	Q14764	HUMAN Major vault protein	4	H2B	6	H2B_6
P58876	H2B	Q53EL6;Q53EL6-2	HUMAN Programmed cell death protein 4	4	H2B	6	H2B_6
P58876	H2B	Q5T0F9;Q5T0F9-2;Q5T0F9-5	HUMAN Coiled-coil and C2 domain-containing protein 1B	4	H2B	6	H2B_6
P58876	H2B	Q68DE3	HUMAN Basic helix-loop-helix domain-containing protein USF3	4	H2B	6	H2B_6
P58876	H2B	Q9BR39	HUMAN Junctophilin-2	4	H2B	6	H2B_6
P58876	H2B	Q9UKX7;Q9UKX7-2	HUMAN Nuclear pore complex protein Nup50	4	H2B	6	H2B_6
P62807	H2B	A4D1E9;A4D1E9-3	HUMAN GTP-binding protein 10	4	H2B	6	H2B_6
P62807	H2B	P02545	HUMAN Prelamin-A/C	4	H2B	6	H2B_6
P62807	H2B	P05204	HUMAN Non-histone chromosomal protein HMG-17	4	H2B	6	H2B_6
P62807	H2B	P05204	HUMAN Non-histone chromosomal protein HMG-17	4	H2B	6	H2B_6
P62807	H2B	P17096	HUMAN High mobility group protein HMG-I/HMG-Y	4	H2B	6	H2B_6
P62807	H2B	P46087	HUMAN Probable 28S rRNA (cytosine(4447)-C(5))-methyltransferase	4	H2B	6	H2B_6
P62807	H2B	P48741	HUMAN Putative heat shock 70 kDa protein 7	4	H2B	6	H2B_6
P62807	H2B	Q03989	HUMAN AT-rich interactive domain-containing protein 5A	4	H2B	6	H2B_6
P62807	H2B	Q13127;Q13127-4	HUMAN RE1-silencing transcription factor	4	H2B	6	H2B_6
P62807	H2B	Q14764	HUMAN Major vault protein	4	H2B	6	H2B_6
P62807	H2B	Q14919;Q14919-2	HUMAN Dr1-associated corepressor	4	H2B	6	H2B_6
P62807	H2B	Q15361	HUMAN Transcription termination factor 1	4	H2B	6	H2B_6
P62807	H2B	Q53EL6;Q53EL6-2	HUMAN Programmed cell death protein 4	4	H2B	6	H2B_6
P62807	H2B	Q562F6;Q562F6-2;Q562F6-3	HUMAN Shugoshin-like 2	4	H2B	6	H2B_6
P62807	H2B	Q5T0F9;Q5T0F9-2;Q5T0F9-5	HUMAN Coiled-coil and C2 domain-containing protein 1B	4	H2B	6	H2B_6
P62807	H2B	Q68DE3	HUMAN Basic helix-loop-helix domain-containing protein USF3	4	H2B	6	H2B_6
P62807	H2B	Q6P2Q9	HUMAN Pre-mRNA-processing-splicing factor 8	4	H2B	6	H2B_6
P62807	H2B	Q8N3X1;Q8N3X1-2	HUMAN Formin-binding protein 4	4	H2B	6	H2B_6
P62807	H2B	Q8TBK6;Q8TBK6-2	HUMAN Zinc finger CCHC domain-containing protein 10	4	H2B	6	H2B_6
P62807	H2B	Q8TD16;Q8TD16-2	HUMAN Protein bicaudal D homolog 2	4	H2B	6	H2B_6
P62807	H2B	Q8WZ42	HUMAN Titin	4	H2B	6	H2B_6
P62807	H2B	Q96ES7	HUMAN SAGA-associated factor 29	4	H2B	6	H2B_6
P62807	H2B	Q96J77;Q96J77-2;Q96J77-3	HUMAN Tumor protein D55	4	H2B	6	H2B_6
P62807	H2B	Q96L73;Q96L73-2;Q96L73-3	HUMAN Histone-lysine N-methyltransferase	4	H2B	6	H2B_6
P62807	H2B	Q96N64;Q96N64-2;Q96N64-3	HUMAN PWWP domain-containing protein 2A	4	H2B	6	H2B_6
P62807	H2B	Q9BR39	HUMAN Junctophilin-2	4	H2B	6	H2B_6
P62807	H2B	Q9P281	HUMAN BAH and coiled-coil domain-containing protein 1	4	H2B	6	H2B_6
P62807	H2B	Q9UGP5	HUMAN DNA polymerase lambda	4	H2B	6	H2B_6
P62807	H2B	Q9UKX7;Q9UKX7-2	HUMAN Nuclear pore complex protein Nup50	4	H2B	6	H2B_6
P62807	H2B	Q9UKZ4;Q9UKZ4-2	HUMAN Teneurin-1	4	H2B	6	H2B_6
Q99877	H2B	Q9BR39	HUMAN Junctophilin-2	4	H2B	6	H2B_6
Q99879	H2B	P25490	HUMAN Transcriptional repressor protein YY1	4	H2B	6	H2B_6
Q99879	H2B	Q53EL6;Q53EL6-2	HUMAN Programmed cell death protein 4	4	H2B	6	H2B_6
Q99879	H2B	Q5T0F9;Q5T0F9-2;Q5T0F9-5	HUMAN Coiled-coil and C2 domain-containing protein 1B	4	H2B	6	H2B_6
Q99880	H2B	Q96JG9	HUMAN Zinc finger protein 469	4	H2B	6	H2B_6
Q99880	H2B	Q9BR39	HUMAN Junctophilin-2	4	H2B	6	H2B_6
Q99880	H2B	Q9UGP5	HUMAN DNA polymerase lambda	4	H2B	6	H2B_6
Q99880	H2B	Q9UKX7;Q9UKX7-2	HUMAN Nuclear pore complex protein Nup50	4	H2B	6	H2B_6
P06899	H2B	P05204	HUMAN Non-histone chromosomal protein HMG-17	11	H2B	13	H2B_13
P06899	H2B	P17096	HUMAN High mobility group protein HMG-I/HMG-Y	11	H2B	13	H2B_13
P06899	H2B	Q9BR39	HUMAN Junctophilin-2	11	H2B	13	H2B_13
P62807	H2B	P05204	HUMAN Non-histone chromosomal protein HMG-17	11	H2B	13	H2B_13
P62807	H2B	P17096	HUMAN High mobility group protein HMG-I/HMG-Y	11	H2B	13	H2B_13
P62807	H2B	Q9BR39	HUMAN Junctophilin-2	11	H2B	13	H2B_13
P06899	H2B	P17096	HUMAN High mobility group protein HMG-I/HMG-Y	20	H2B	22	H2B_22
P06899	H2B	P17096	HUMAN High mobility group protein HMG-I/HMG-Y	20	H2B	22	H2B_22
P62807	H2B	P17096	HUMAN High mobility group protein HMG-I/HMG-Y	20	H2B	22	H2B_22
P62807	H2B	P17096	HUMAN High mobility group protein HMG-I/HMG-Y	20	H2B	22	H2B_22
P06899	H2B	Q3SY52;Q3SY52-2;Q3SY52-3	HUMAN Zinc finger protein interacting with ribonucleoprotein K	34	H2B	36	H2B_36
P62807	H2B	P52756-3	HUMAN Isoform 3 of RNA-binding protein 5	34	H2B	36	H2B_36
P62807	H2B	Q3SY52;Q3SY52-2;Q3SY52-3	HUMAN Zinc finger protein interacting with ribonucleoprotein K	34	H2B	36	H2B_36
P62807	H2B	Q5VUJ6;Q5VUJ6-2	HUMAN Leucine-rich repeat and calponin homology domain-containing protein 2	34	H2B	36	H2B_36
P06899	H2B	P05204	HUMAN Non-histone chromosomal protein HMG-17	46	H2B	48	H2B_48
P06899	H2B	Q496A3-2	HUMAN Isoform 2 of Spermatogenesis-associated serine-rich protein 1	46	H2B	48	H2B_48
P06899	H2B	Q5F1R6;Q5F1R6-2;Q5F1R6-3	HUMAN DnaJ homolog subfamily C member 21	46	H2B	48	H2B_48
P62807	H2B	P05204	HUMAN Non-histone chromosomal protein HMG-17	46	H2B	48	H2B_48
P62807	H2B	Q496A3-2	HUMAN Isoform 2 of Spermatogenesis-associated serine-rich protein 1	46	H2B	48	H2B_48
P62807	H2B	Q5F1R6;Q5F1R6-2;Q5F1R6-3	HUMAN DnaJ homolog subfamily C member 21	46	H2B	48	H2B_48
Q96A08	H2B	P05204	HUMAN Non-histone chromosomal protein HMG-17	47	H2B	48	H2B_48
Q96A08	H2B	Q496A3-2	HUMAN Isoform 2 of Spermatogenesis-associated serine-rich protein 1	47	H2B	48	H2B_48
Q96A08	H2B	Q5F1R6;Q5F1R6-2;Q5F1R6-3	HUMAN DnaJ homolog subfamily C member 21	47	H2B	48	H2B_48
P06899	H2B	P52756-3	HUMAN Isoform 3 of RNA-binding protein 5	85	H2B	87	H2B_87
P06899	H2B	Q14687;Q14687-2;Q14687-3	HUMAN Genetic suppressor element 1	85	H2B	87	H2B_87
P06899	H2B	Q9BR39	HUMAN Junctophilin-2	85	H2B	87	H2B_87
P62807	H2B	P52756-3	HUMAN Isoform 3 of RNA-binding protein 5	85	H2B	87	H2B_87
P62807	H2B	Q14687;Q14687-2;Q14687-3	HUMAN Genetic suppressor element 1	85	H2B	87	H2B_87
P62807	H2B	Q9BR39	HUMAN Junctophilin-2	85	H2B	87	H2B_87
P06899	H2B	B1AJZ9-3	HUMAN Isoform 3 of Forkhead-associated domain-containing protein 1	108	H2B	110	H2B_110
P06899	H2B	P05114	HUMAN Non-histone chromosomal protein HMG-14	108	H2B	110	H2B_110
P06899	H2B	P05204	HUMAN Non-histone chromosomal protein HMG-17	108	H2B	110	H2B_110
P06899	H2B	P05204	HUMAN Non-histone chromosomal protein HMG-17	108	H2B	110	H2B_110
P06899	H2B	P09874	HUMAN Poly [ADP-ribose] polymerase 1	108	H2B	110	H2B_110
P06899	H2B	P0CG47	HUMAN Ubiquitin-60S ribosomal protein L40	108	H2B	110	H2B_110
P06899	H2B	P0CG48	HUMAN Ubiquitin-60S ribosomal protein L40	108	H2B	110	H2B_110
P06899	H2B	P11388	HUMAN DNA topoisomerase 2-alpha	108	H2B	110	H2B_110
P06899	H2B	P17096-2	HUMAN Isoform HMG-Y of High mobility group protein HMG-I/HMG-Y	108	H2B	110	H2B_110
P06899	H2B	P17096	HUMAN High mobility group protein HMG-I/HMG-Y	108	H2B	110	H2B_110
P06899	H2B	P17096	HUMAN High mobility group protein HMG-I/HMG-Y	108	H2B	110	H2B_110
P06899	H2B	P25490	HUMAN Transcriptional repressor protein YY1	108	H2B	110	H2B_110
P06899	H2B	P26358	HUMAN DNA (cytosine-5)-methyltransferase 1	108	H2B	110	H2B_110
P06899	H2B	P46087	HUMAN Probable 28S rRNA (cytosine(4447)-C(5))-methyltransferase	108	H2B	110	H2B_110
P06899	H2B	P48741	HUMAN Putative heat shock 70 kDa protein 7	108	H2B	110	H2B_110
P06899	H2B	P52948;P52948-2;P52948-5;P52948-6	HUMAN Nuclear pore complex protein Nup98-Nup96	108	H2B	110	H2B_110
P06899	H2B	P62826	HUMAN GTP-binding nuclear protein Ran	108	H2B	110	H2B_110
P06899	H2B	P62979	HUMAN Ubiquitin-60S ribosomal protein L40	108	H2B	110	H2B_110
P06899	H2B	P62987	HUMAN Ubiquitin-60S ribosomal protein L40	108	H2B	110	H2B_110
P06899	H2B	Q14839	HUMAN Chromodomain-helicase-DNA-binding protein 4	108	H2B	110	H2B_110
P06899	H2B	Q15554;Q15554-4	HUMAN Telomeric repeat-binding factor 2	108	H2B	110	H2B_110
P06899	H2B	Q15651;Q15651-2	HUMAN High mobility group nucleosome-binding domain-containing protein 3	108	H2B	110	H2B_110
P06899	H2B	Q15843	HUMAN NEDD8	108	H2B	110	H2B_110
P06899	H2B	Q5BKZ1;Q5BKZ1-3	HUMAN DBIRD complex subunit ZNF326	108	H2B	110	H2B_110
P06899	H2B	Q5T0F9;Q5T0F9-2;Q5T0F9-5	HUMAN Coiled-coil and C2 domain-containing protein 1B	108	H2B	110	H2B_110
P06899	H2B	Q68DE3	HUMAN Basic helix-loop-helix domain-containing protein USF3	108	H2B	110	H2B_110
P06899	H2B	Q6P2Q9	HUMAN Pre-mRNA-processing-splicing factor 8	108	H2B	110	H2B_110
P06899	H2B	Q70EL2	HUMAN Ubiquitin carboxyl-terminal hydrolase 45	108	H2B	110	H2B_110
P06899	H2B	Q7Z4V5	HUMAN Hepatoma-derived growth factor-related protein 2	108	H2B	110	H2B_110
P06899	H2B	Q8NE71;Q8NE71-2	HUMAN ATP-binding cassette sub-family F member 1	108	H2B	110	H2B_110
P06899	H2B	Q8TD16;Q8TD16-2	HUMAN Protein bicaudal D homolog 2	108	H2B	110	H2B_110
P06899	H2B	Q8WYB5	HUMAN Histone acetyltransferase KAT6B	108	H2B	110	H2B_110
P06899	H2B	Q8WZ42	HUMAN Titin	108	H2B	110	H2B_110
P06899	H2B	Q96D70	HUMAN R3H domain-containing protein 4	108	H2B	110	H2B_110
P06899	H2B	Q96JG9	HUMAN Zinc finger protein 469	108	H2B	110	H2B_110
P06899	H2B	Q96LI9	HUMAN Putative uncharacterized protein CXorf58	108	H2B	110	H2B_110
P06899	H2B	Q9BW71	HUMAN HIRA-interacting protein 3	108	H2B	110	H2B_110
P06899	H2B	Q9NQZ2	HUMAN Something about silencing protein 10	108	H2B	110	H2B_110
P06899	H2B	Q9NR48;Q9NR48-2	HUMAN Histone-lysine N-methyltransferase ASH1L	108	H2B	110	H2B_110
P06899	H2B	Q9UHB7;Q9UHB7-2	HUMAN AF4/FMR2 family member 4	108	H2B	110	H2B_110
P06899	H2B	Q9UIG0	HUMAN Tyrosine-protein kinase BAZ1B	108	H2B	110	H2B_110
P06899	H2B	Q9UKX7;Q9UKX7-2	HUMAN Nuclear pore complex protein Nup50	108	H2B	110	H2B_110
P06899	H2B	Q9Y251;Q9Y251-2;Q9Y251-3	HUMAN Heparanase	108	H2B	110	H2B_110
P62807	H2B	B1AJZ9-3	HUMAN Isoform 3 of Forkhead-associated domain-containing protein 1	108	H2B	110	H2B_110
P62807	H2B	P05114	HUMAN Non-histone chromosomal protein HMG-14	108	H2B	110	H2B_110
P62807	H2B	P05204	HUMAN Non-histone chromosomal protein HMG-17	108	H2B	110	H2B_110
P62807	H2B	P05204	HUMAN Non-histone chromosomal protein HMG-17	108	H2B	110	H2B_110
P62807	H2B	P09874	HUMAN Poly [ADP-ribose] polymerase 1	108	H2B	110	H2B_110
P62807	H2B	P0CG47	HUMAN Ubiquitin-60S ribosomal protein L40	108	H2B	110	H2B_110
P62807	H2B	P0CG48	HUMAN Ubiquitin-60S ribosomal protein L40	108	H2B	110	H2B_110
P62807	H2B	P11388	HUMAN DNA topoisomerase 2-alpha	108	H2B	110	H2B_110
P62807	H2B	P17096-2	HUMAN Isoform HMG-Y of High mobility group protein HMG-I/HMG-Y	108	H2B	110	H2B_110
P62807	H2B	P17096	HUMAN High mobility group protein HMG-I/HMG-Y	108	H2B	110	H2B_110
P62807	H2B	P17096	HUMAN High mobility group protein HMG-I/HMG-Y	108	H2B	110	H2B_110
P62807	H2B	P25490	HUMAN Transcriptional repressor protein YY1	108	H2B	110	H2B_110
P62807	H2B	P26358	HUMAN DNA (cytosine-5)-methyltransferase 1	108	H2B	110	H2B_110
P62807	H2B	P46087	HUMAN Probable 28S rRNA (cytosine(4447)-C(5))-methyltransferase	108	H2B	110	H2B_110
P62807	H2B	P48741	HUMAN Putative heat shock 70 kDa protein 7	108	H2B	110	H2B_110
P62807	H2B	P52948;P52948-2;P52948-5;P52948-6	HUMAN Nuclear pore complex protein Nup98-Nup96	108	H2B	110	H2B_110
P62807	H2B	P62826	HUMAN GTP-binding nuclear protein Ran	108	H2B	110	H2B_110
P62807	H2B	P62979	HUMAN Ubiquitin-60S ribosomal protein L40	108	H2B	110	H2B_110
P62807	H2B	P62987	HUMAN Ubiquitin-60S ribosomal protein L40	108	H2B	110	H2B_110
P62807	H2B	Q14839	HUMAN Chromodomain-helicase-DNA-binding protein 4	108	H2B	110	H2B_110
P62807	H2B	Q15554;Q15554-4	HUMAN Telomeric repeat-binding factor 2	108	H2B	110	H2B_110
P62807	H2B	Q15651;Q15651-2	HUMAN High mobility group nucleosome-binding domain-containing protein 3	108	H2B	110	H2B_110
P62807	H2B	Q15843	HUMAN NEDD8	108	H2B	110	H2B_110
P62807	H2B	Q5BKZ1;Q5BKZ1-3	HUMAN DBIRD complex subunit ZNF326	108	H2B	110	H2B_110
P62807	H2B	Q5T0F9;Q5T0F9-2;Q5T0F9-5	HUMAN Coiled-coil and C2 domain-containing protein 1B	108	H2B	110	H2B_110
P62807	H2B	Q68DE3	HUMAN Basic helix-loop-helix domain-containing protein USF3	108	H2B	110	H2B_110
P62807	H2B	Q6P2Q9	HUMAN Pre-mRNA-processing-splicing factor 8	108	H2B	110	H2B_110
P62807	H2B	Q70EL2	HUMAN Ubiquitin carboxyl-terminal hydrolase 45	108	H2B	110	H2B_110
P62807	H2B	Q7Z4V5	HUMAN Hepatoma-derived growth factor-related protein 2	108	H2B	110	H2B_110
P62807	H2B	Q8NE71;Q8NE71-2	HUMAN ATP-binding cassette sub-family F member 1	108	H2B	110	H2B_110
P62807	H2B	Q8TD16;Q8TD16-2	HUMAN Protein bicaudal D homolog 2	108	H2B	110	H2B_110
P62807	H2B	Q8WYB5	HUMAN Histone acetyltransferase KAT6B	108	H2B	110	H2B_110
P62807	H2B	Q8WZ42	HUMAN Titin	108	H2B	110	H2B_110
P62807	H2B	Q96D70	HUMAN R3H domain-containing protein 4	108	H2B	110	H2B_110
P62807	H2B	Q96JG9	HUMAN Zinc finger protein 469	108	H2B	110	H2B_110
P62807	H2B	Q96LI9	HUMAN Putative uncharacterized protein CXorf58	108	H2B	110	H2B_110
P62807	H2B	Q9BW71	HUMAN HIRA-interacting protein 3	108	H2B	110	H2B_110
P62807	H2B	Q9NQZ2	HUMAN Something about silencing protein 10	108	H2B	110	H2B_110
P62807	H2B	Q9NR48;Q9NR48-2	HUMAN Histone-lysine N-methyltransferase ASH1L	108	H2B	110	H2B_110
P62807	H2B	Q9UHB7;Q9UHB7-2	HUMAN AF4/FMR2 family member 4	108	H2B	110	H2B_110
P62807	H2B	Q9UIG0	HUMAN Tyrosine-protein kinase BAZ1B	108	H2B	110	H2B_110
P62807	H2B	Q9UKX7;Q9UKX7-2	HUMAN Nuclear pore complex protein Nup50	108	H2B	110	H2B_110
P62807	H2B	Q9Y251;Q9Y251-2;Q9Y251-3	HUMAN Heparanase	108	H2B	110	H2B_110
Q96A08	H2B	B1AJZ9-3	HUMAN Isoform 3 of Forkhead-associated domain-containing protein 1	109	H2B	110	H2B_110
Q96A08	H2B	P05114	HUMAN Non-histone chromosomal protein HMG-14	109	H2B	110	H2B_110
Q96A08	H2B	P05204	HUMAN Non-histone chromosomal protein HMG-17	109	H2B	110	H2B_110
Q96A08	H2B	P05204	HUMAN Non-histone chromosomal protein HMG-17	109	H2B	110	H2B_110
Q96A08	H2B	P09874	HUMAN Poly [ADP-ribose] polymerase 1	109	H2B	110	H2B_110
Q96A08	H2B	P0CG47	HUMAN Ubiquitin-60S ribosomal protein L40	109	H2B	110	H2B_110
Q96A08	H2B	P0CG48	HUMAN Ubiquitin-60S ribosomal protein L40	109	H2B	110	H2B_110
Q96A08	H2B	P11388	HUMAN DNA topoisomerase 2-alpha	109	H2B	110	H2B_110
Q96A08	H2B	P17096-2	HUMAN Isoform HMG-Y of High mobility group protein HMG-I/HMG-Y	109	H2B	110	H2B_110
Q96A08	H2B	P17096	HUMAN High mobility group protein HMG-I/HMG-Y	109	H2B	110	H2B_110
Q96A08	H2B	P17096	HUMAN High mobility group protein HMG-I/HMG-Y	109	H2B	110	H2B_110
Q96A08	H2B	P25490	HUMAN Transcriptional repressor protein YY1	109	H2B	110	H2B_110
Q96A08	H2B	P26358	HUMAN DNA (cytosine-5)-methyltransferase 1	109	H2B	110	H2B_110
Q96A08	H2B	P46087	HUMAN Probable 28S rRNA (cytosine(4447)-C(5))-methyltransferase	109	H2B	110	H2B_110
Q96A08	H2B	P48741	HUMAN Putative heat shock 70 kDa protein 7	109	H2B	110	H2B_110
Q96A08	H2B	P52948;P52948-2;P52948-5;P52948-6	HUMAN Nuclear pore complex protein Nup98-Nup96	109	H2B	110	H2B_110
Q96A08	H2B	P62826	HUMAN GTP-binding nuclear protein Ran	109	H2B	110	H2B_110
Q96A08	H2B	P62979	HUMAN Ubiquitin-60S ribosomal protein L40	109	H2B	110	H2B_110
Q96A08	H2B	P62987	HUMAN Ubiquitin-60S ribosomal protein L40	109	H2B	110	H2B_110
Q96A08	H2B	Q14839	HUMAN Chromodomain-helicase-DNA-binding protein 4	109	H2B	110	H2B_110
Q96A08	H2B	Q15554;Q15554-4	HUMAN Telomeric repeat-binding factor 2	109	H2B	110	H2B_110
Q96A08	H2B	Q15651;Q15651-2	HUMAN High mobility group nucleosome-binding domain-containing protein 3	109	H2B	110	H2B_110
Q96A08	H2B	Q15843	HUMAN NEDD8	109	H2B	110	H2B_110
Q96A08	H2B	Q5BKZ1;Q5BKZ1-3	HUMAN DBIRD complex subunit ZNF326	109	H2B	110	H2B_110
Q96A08	H2B	Q5T0F9;Q5T0F9-2;Q5T0F9-5	HUMAN Coiled-coil and C2 domain-containing protein 1B	109	H2B	110	H2B_110
Q96A08	H2B	Q68DE3	HUMAN Basic helix-loop-helix domain-containing protein USF3	109	H2B	110	H2B_110
Q96A08	H2B	Q6P2Q9	HUMAN Pre-mRNA-processing-splicing factor 8	109	H2B	110	H2B_110
Q96A08	H2B	Q70EL2	HUMAN Ubiquitin carboxyl-terminal hydrolase 45	109	H2B	110	H2B_110
Q96A08	H2B	Q7Z4V5	HUMAN Hepatoma-derived growth factor-related protein 2	109	H2B	110	H2B_110
Q96A08	H2B	Q8NE71;Q8NE71-2	HUMAN ATP-binding cassette sub-family F member 1	109	H2B	110	H2B_110
Q96A08	H2B	Q8TD16;Q8TD16-2	HUMAN Protein bicaudal D homolog 2	109	H2B	110	H2B_110
Q96A08	H2B	Q8WYB5	HUMAN Histone acetyltransferase KAT6B	109	H2B	110	H2B_110
Q96A08	H2B	Q8WZ42	HUMAN Titin	109	H2B	110	H2B_110
Q96A08	H2B	Q96D70	HUMAN R3H domain-containing protein 4	109	H2B	110	H2B_110
Q96A08	H2B	Q96JG9	HUMAN Zinc finger protein 469	109	H2B	110	H2B_110
Q96A08	H2B	Q96LI9	HUMAN Putative uncharacterized protein CXorf58	109	H2B	110	H2B_110
Q96A08	H2B	Q9BW71	HUMAN HIRA-interacting protein 3	109	H2B	110	H2B_110
Q96A08	H2B	Q9NQZ2	HUMAN Something about silencing protein 10	109	H2B	110	H2B_110
Q96A08	H2B	Q9NR48;Q9NR48-2	HUMAN Histone-lysine N-methyltransferase ASH1L	109	H2B	110	H2B_110
Q96A08	H2B	Q9UHB7;Q9UHB7-2	HUMAN AF4/FMR2 family member 4	109	H2B	110	H2B_110
Q96A08	H2B	Q9UIG0	HUMAN Tyrosine-protein kinase BAZ1B	109	H2B	110	H2B_110
Q96A08	H2B	Q9UKX7;Q9UKX7-2	HUMAN Nuclear pore complex protein Nup50	109	H2B	110	H2B_110
Q96A08	H2B	Q9Y251;Q9Y251-2;Q9Y251-3	HUMAN Heparanase	109	H2B	110	H2B_110
P06899	H2B	P05114	HUMAN Non-histone chromosomal protein HMG-14	116	H2B	118	H2B_118
P06899	H2B	P05204	HUMAN Non-histone chromosomal protein HMG-17	116	H2B	118	H2B_118
P06899	H2B	P05204	HUMAN Non-histone chromosomal protein HMG-17	116	H2B	118	H2B_118
P06899	H2B	P09874	HUMAN Poly [ADP-ribose] polymerase 1	116	H2B	118	H2B_118
P06899	H2B	P17096	HUMAN High mobility group protein HMG-I/HMG-Y	116	H2B	118	H2B_118
P06899	H2B	P62750	HUMAN 60S ribosomal protein L23a	116	H2B	118	H2B_118
P06899	H2B	Q53EL6;Q53EL6-2	HUMAN Programmed cell death protein 4	116	H2B	118	H2B_118
P06899	H2B	Q68DE3	HUMAN Basic helix-loop-helix domain-containing protein USF3	116	H2B	118	H2B_118
P06899	H2B	Q8WZ42	HUMAN Titin	116	H2B	118	H2B_118
P06899	H2B	Q8WZ42	HUMAN Titin	116	H2B	118	H2B_118
P06899	H2B	Q96EZ8;Q96EZ8-2;Q96EZ8-3	HUMAN Microspherule protein 1	116	H2B	118	H2B_118
P06899	H2B	Q96L73;Q96L73-2;Q96L73-3	HUMAN Histone-lysine N-methyltransferase	116	H2B	118	H2B_118
P62807	H2B	P05114	HUMAN Non-histone chromosomal protein HMG-14	116	H2B	118	H2B_118
P62807	H2B	P05204	HUMAN Non-histone chromosomal protein HMG-17	116	H2B	118	H2B_118
P62807	H2B	P05204	HUMAN Non-histone chromosomal protein HMG-17	116	H2B	118	H2B_118
P62807	H2B	P09874	HUMAN Poly [ADP-ribose] polymerase 1	116	H2B	118	H2B_118
P62807	H2B	P17096	HUMAN High mobility group protein HMG-I/HMG-Y	116	H2B	118	H2B_118
P62807	H2B	P62750	HUMAN 60S ribosomal protein L23a	116	H2B	118	H2B_118
P62807	H2B	Q53EL6;Q53EL6-2	HUMAN Programmed cell death protein 4	116	H2B	118	H2B_118
P62807	H2B	Q68DE3	HUMAN Basic helix-loop-helix domain-containing protein USF3	116	H2B	118	H2B_118
P62807	H2B	Q8WZ42	HUMAN Titin	116	H2B	118	H2B_118
P62807	H2B	Q8WZ42	HUMAN Titin	116	H2B	118	H2B_118
P62807	H2B	Q96EZ8;Q96EZ8-2;Q96EZ8-3	HUMAN Microspherule protein 1	116	H2B	118	H2B_118
P62807	H2B	Q96L73;Q96L73-2;Q96L73-3	HUMAN Histone-lysine N-methyltransferase	116	H2B	118	H2B_118
Q96A08	H2B	P05114	HUMAN Non-histone chromosomal protein HMG-14	117	H2B	118	H2B_118
Q96A08	H2B	P05204	HUMAN Non-histone chromosomal protein HMG-17	117	H2B	118	H2B_118
Q96A08	H2B	P05204	HUMAN Non-histone chromosomal protein HMG-17	117	H2B	118	H2B_118
Q96A08	H2B	P09874	HUMAN Poly [ADP-ribose] polymerase 1	117	H2B	118	H2B_118
Q96A08	H2B	P17096	HUMAN High mobility group protein HMG-I/HMG-Y	117	H2B	118	H2B_118
Q96A08	H2B	P62750	HUMAN 60S ribosomal protein L23a	117	H2B	118	H2B_118
Q96A08	H2B	Q53EL6;Q53EL6-2	HUMAN Programmed cell death protein 4	117	H2B	118	H2B_118
Q96A08	H2B	Q68DE3	HUMAN Basic helix-loop-helix domain-containing protein USF3	117	H2B	118	H2B_118
Q96A08	H2B	Q8WZ42	HUMAN Titin	117	H2B	118	H2B_118
Q96A08	H2B	Q8WZ42	HUMAN Titin	117	H2B	118	H2B_118
Q96A08	H2B	Q96EZ8;Q96EZ8-2;Q96EZ8-3	HUMAN Microspherule protein 1	117	H2B	118	H2B_118
Q96A08	H2B	Q96L73;Q96L73-2;Q96L73-3	HUMAN Histone-lysine N-methyltransferase	117	H2B	118	H2B_118
P06899	H2B	O75367	HUMAN Core histone macro-H2A.1	120	H2B	122	H2B_122
P06899	H2B	P05114	HUMAN Non-histone chromosomal protein HMG-14	120	H2B	122	H2B_122
P06899	H2B	P05204	HUMAN Non-histone chromosomal protein HMG-17	120	H2B	122	H2B_122
P06899	H2B	P05204	HUMAN Non-histone chromosomal protein HMG-17	120	H2B	122	H2B_122
P06899	H2B	P0CG47	HUMAN Ubiquitin-60S ribosomal protein L40	120	H2B	122	H2B_122
P06899	H2B	P0CG48	HUMAN Ubiquitin-60S ribosomal protein L40	120	H2B	122	H2B_122
P06899	H2B	P17096	HUMAN High mobility group protein HMG-I/HMG-Y	120	H2B	122	H2B_122
P06899	H2B	P17096	HUMAN High mobility group protein HMG-I/HMG-Y	120	H2B	122	H2B_122
P06899	H2B	P41220;P41220-2;P41220-3;P41220-4	HUMAN Regulator of G-protein signaling 2	120	H2B	122	H2B_122
P06899	H2B	P62750	HUMAN 60S ribosomal protein L23a	120	H2B	122	H2B_122
P06899	H2B	P62979	HUMAN Ubiquitin-60S ribosomal protein L40	120	H2B	122	H2B_122
P06899	H2B	P62987	HUMAN Ubiquitin-60S ribosomal protein L40	120	H2B	122	H2B_122
P06899	H2B	Q14764	HUMAN Major vault protein	120	H2B	122	H2B_122
P06899	H2B	Q15651;Q15651-2	HUMAN High mobility group nucleosome-binding domain-containing protein 3	120	H2B	122	H2B_122
P06899	H2B	Q53EL6;Q53EL6-2	HUMAN Programmed cell death protein 4	120	H2B	122	H2B_122
P06899	H2B	Q6P2Q9	HUMAN Pre-mRNA-processing-splicing factor 8	120	H2B	122	H2B_122
P06899	H2B	Q8N108;Q8N108-12;Q8N108-13;Q8N108-17	HUMAN Mesoderm induction early response protein 1	120	H2B	122	H2B_122
P06899	H2B	Q8WZ42	HUMAN Titin	120	H2B	122	H2B_122
P06899	H2B	Q96N64;Q96N64-2;Q96N64-3	HUMAN PWWP domain-containing protein 2A	120	H2B	122	H2B_122
P06899	H2B	Q9BW71	HUMAN HIRA-interacting protein 3	120	H2B	122	H2B_122
P62807	H2B	O75367	HUMAN Core histone macro-H2A.1	120	H2B	122	H2B_122
P62807	H2B	P05114	HUMAN Non-histone chromosomal protein HMG-14	120	H2B	122	H2B_122
P62807	H2B	P05204	HUMAN Non-histone chromosomal protein HMG-17	120	H2B	122	H2B_122
P62807	H2B	P05204	HUMAN Non-histone chromosomal protein HMG-17	120	H2B	122	H2B_122
P62807	H2B	P0CG47	HUMAN Ubiquitin-60S ribosomal protein L40	120	H2B	122	H2B_122
P62807	H2B	P0CG48	HUMAN Ubiquitin-60S ribosomal protein L40	120	H2B	122	H2B_122
P62807	H2B	P17096	HUMAN High mobility group protein HMG-I/HMG-Y	120	H2B	122	H2B_122
P62807	H2B	P17096	HUMAN High mobility group protein HMG-I/HMG-Y	120	H2B	122	H2B_122
P62807	H2B	P62979	HUMAN Ubiquitin-60S ribosomal protein L40	120	H2B	122	H2B_122
P62807	H2B	P62987	HUMAN Ubiquitin-60S ribosomal protein L40	120	H2B	122	H2B_122
P62807	H2B	Q13889;Q13889-2	HUMAN General transcription factor IIH subunit 3	120	H2B	122	H2B_122
P62807	H2B	Q14764	HUMAN Major vault protein	120	H2B	122	H2B_122
P62807	H2B	Q15651;Q15651-2	HUMAN High mobility group nucleosome-binding domain-containing protein 3	120	H2B	122	H2B_122
P62807	H2B	Q53EL6;Q53EL6-2	HUMAN Programmed cell death protein 4	120	H2B	122	H2B_122
P62807	H2B	Q96N64;Q96N64-2;Q96N64-3	HUMAN PWWP domain-containing protein 2A	120	H2B	122	H2B_122
P62807	H2B	Q9BR39	HUMAN Junctophilin-2	120	H2B	122	H2B_122
Q5QNW6	H2B	B1AJZ9;B1AJZ9-4	HUMAN Forkhead-associated domain-containing protein 1	120	H2B	122	H2B_122
Q5QNW6	H2B	P05204	HUMAN Non-histone chromosomal protein HMG-17	120	H2B	122	H2B_122
Q5QNW6	H2B	P17096	HUMAN High mobility group protein HMG-I/HMG-Y	120	H2B	122	H2B_122
Q5QNW6	H2B	P25490	HUMAN Transcriptional repressor protein YY1	120	H2B	122	H2B_122
Q5QNW6	H2B	P48741	HUMAN Putative heat shock 70 kDa protein 7	120	H2B	122	H2B_122
Q5QNW6	H2B	P61247	HUMAN 40S ribosomal protein S3a	120	H2B	122	H2B_122
Q5QNW6	H2B	Q68DE3	HUMAN Basic helix-loop-helix domain-containing protein USF3	120	H2B	122	H2B_122
Q5QNW6	H2B	Q6P2Q9	HUMAN Pre-mRNA-processing-splicing factor 8	120	H2B	122	H2B_122
Q5QNW6	H2B	QQ70EL2	HUMAN Ubiquitin carboxyl-terminal hydrolase 45	120	H2B	122	H2B_122
Q96A08	H2B	O75367	HUMAN Core histone macro-H2A.1	121	H2B	122	H2B_122
Q96A08	H2B	P05114	HUMAN Non-histone chromosomal protein HMG-14	121	H2B	122	H2B_122
Q96A08	H2B	P05204	HUMAN Non-histone chromosomal protein HMG-17	121	H2B	122	H2B_122
Q96A08	H2B	P05204	HUMAN Non-histone chromosomal protein HMG-17	121	H2B	122	H2B_122
Q96A08	H2B	P0CG47	HUMAN Ubiquitin-60S ribosomal protein L40	121	H2B	122	H2B_122
Q96A08	H2B	P0CG48	HUMAN Ubiquitin-60S ribosomal protein L40	121	H2B	122	H2B_122
Q96A08	H2B	P17096	HUMAN High mobility group protein HMG-I/HMG-Y	121	H2B	122	H2B_122
Q96A08	H2B	P17096	HUMAN High mobility group protein HMG-I/HMG-Y	121	H2B	122	H2B_122
Q96A08	H2B	P62979	HUMAN Ubiquitin-60S ribosomal protein L40	121	H2B	122	H2B_122
Q96A08	H2B	P62987	HUMAN Ubiquitin-60S ribosomal protein L40	121	H2B	122	H2B_122
Q96A08	H2B	Q13889;Q13889-2	HUMAN General transcription factor IIH subunit 3	121	H2B	122	H2B_122
Q96A08	H2B	Q14764	HUMAN Major vault protein	121	H2B	122	H2B_122
Q96A08	H2B	Q15651;Q15651-2	HUMAN High mobility group nucleosome-binding domain-containing protein 3	121	H2B	122	H2B_122
Q96A08	H2B	Q53EL6;Q53EL6-2	HUMAN Programmed cell death protein 4	121	H2B	122	H2B_122
Q96A08	H2B	Q96N64;Q96N64-2;Q96N64-3	HUMAN PWWP domain-containing protein 2A	121	H2B	122	H2B_122
Q96A08	H2B	Q9BR39	HUMAN Junctophilin-2	121	H2B	122	H2B_122
P68431	H3	Q8TD16;Q8TD16-2	HUMAN Protein bicaudal D homolog 2	3	H3	4	H3_4
P84243	H3	Q8TD16;Q8TD16-2	HUMAN Protein bicaudal D homolog 2	3	H3	4	H3_4
Q16695	H3	Q8TD16;Q8TD16-2	HUMAN Protein bicaudal D homolog 2	3	H3	4	H3_4
Q6NXT2	H3	Q8TD16;Q8TD16-2	HUMAN Protein bicaudal D homolog 2	3	H3	4	H3_4
Q71DI3	H3	Q8TD16;Q8TD16-2	HUMAN Protein bicaudal D homolog 2	3	H3	4	H3_4
P68431	H3	P05204	HUMAN Non-histone chromosomal protein HMG-17	4	H3	5	H3_5
P68431	H3	P0CG47	HUMAN Ubiquitin-60S ribosomal protein L40	4	H3	5	H3_5
P68431	H3	P0CG48	HUMAN Ubiquitin-60S ribosomal protein L40	4	H3	5	H3_5
P68431	H3	P17096	HUMAN High mobility group protein HMG-I/HMG-Y	4	H3	5	H3_5
P68431	H3	P17096	HUMAN High mobility group protein HMG-I/HMG-Y	4	H3	5	H3_5
P68431	H3	P45973	HUMAN Chromobox protein homolog 5	4	H3	5	H3_5
P68431	H3	P62979	HUMAN Ubiquitin-60S ribosomal protein L40	4	H3	5	H3_5
P68431	H3	P62987	HUMAN Ubiquitin-60S ribosomal protein L40	4	H3	5	H3_5
P68431	H3	Q8TD16;Q8TD16-2	HUMAN Protein bicaudal D homolog 2	4	H3	5	H3_5
P68431	H3	Q9BR39	HUMAN Junctophilin-2	4	H3	5	H3_5
P84243	H3	P05204	HUMAN Non-histone chromosomal protein HMG-17	4	H3	5	H3_5
P84243	H3	P0CG47	HUMAN Ubiquitin-60S ribosomal protein L40	4	H3	5	H3_5
P84243	H3	P0CG48	HUMAN Ubiquitin-60S ribosomal protein L40	4	H3	5	H3_5
P84243	H3	P17096	HUMAN High mobility group protein HMG-I/HMG-Y	4	H3	5	H3_5
P84243	H3	P17096	HUMAN High mobility group protein HMG-I/HMG-Y	4	H3	5	H3_5
P84243	H3	P45973	HUMAN Chromobox protein homolog 5	4	H3	5	H3_5
P84243	H3	P62979	HUMAN Ubiquitin-60S ribosomal protein L40	4	H3	5	H3_5
P84243	H3	P62987	HUMAN Ubiquitin-60S ribosomal protein L40	4	H3	5	H3_5
P84243	H3	Q8TD16;Q8TD16-2	HUMAN Protein bicaudal D homolog 2	4	H3	5	H3_5
P84243	H3	Q9BR39	HUMAN Junctophilin-2	4	H3	5	H3_5
Q16695	H3	P05204	HUMAN Non-histone chromosomal protein HMG-17	4	H3	5	H3_5
Q16695	H3	P0CG47	HUMAN Ubiquitin-60S ribosomal protein L40	4	H3	5	H3_5
Q16695	H3	P0CG48	HUMAN Ubiquitin-60S ribosomal protein L40	4	H3	5	H3_5
Q16695	H3	P17096	HUMAN High mobility group protein HMG-I/HMG-Y	4	H3	5	H3_5
Q16695	H3	P17096	HUMAN High mobility group protein HMG-I/HMG-Y	4	H3	5	H3_5
Q16695	H3	P45973	HUMAN Chromobox protein homolog 5	4	H3	5	H3_5
Q16695	H3	P62979	HUMAN Ubiquitin-60S ribosomal protein L40	4	H3	5	H3_5
Q16695	H3	P62987	HUMAN Ubiquitin-60S ribosomal protein L40	4	H3	5	H3_5
Q16695	H3	Q8TD16;Q8TD16-2	HUMAN Protein bicaudal D homolog 2	4	H3	5	H3_5
Q16695	H3	Q9BR39	HUMAN Junctophilin-2	4	H3	5	H3_5
Q6NXT2	H3	P05204	HUMAN Non-histone chromosomal protein HMG-17	4	H3	5	H3_5
Q6NXT2	H3	P0CG47	HUMAN Ubiquitin-60S ribosomal protein L40	4	H3	5	H3_5
Q6NXT2	H3	P0CG48	HUMAN Ubiquitin-60S ribosomal protein L40	4	H3	5	H3_5
Q6NXT2	H3	P17096	HUMAN High mobility group protein HMG-I/HMG-Y	4	H3	5	H3_5
Q6NXT2	H3	P17096	HUMAN High mobility group protein HMG-I/HMG-Y	4	H3	5	H3_5
Q6NXT2	H3	P45973	HUMAN Chromobox protein homolog 5	4	H3	5	H3_5
Q6NXT2	H3	P62979	HUMAN Ubiquitin-60S ribosomal protein L40	4	H3	5	H3_5
Q6NXT2	H3	P62987	HUMAN Ubiquitin-60S ribosomal protein L40	4	H3	5	H3_5
Q6NXT2	H3	Q8TD16;Q8TD16-2	HUMAN Protein bicaudal D homolog 2	4	H3	5	H3_5
Q6NXT2	H3	Q9BR39	HUMAN Junctophilin-2	4	H3	5	H3_5
Q71DI3	H3	P05204	HUMAN Non-histone chromosomal protein HMG-17	4	H3	5	H3_5
Q71DI3	H3	P0CG47	HUMAN Ubiquitin-60S ribosomal protein L40	4	H3	5	H3_5
Q71DI3	H3	P0CG48	HUMAN Ubiquitin-60S ribosomal protein L40	4	H3	5	H3_5
Q71DI3	H3	P17096	HUMAN High mobility group protein HMG-I/HMG-Y	4	H3	5	H3_5
Q71DI3	H3	P17096	HUMAN High mobility group protein HMG-I/HMG-Y	4	H3	5	H3_5
Q71DI3	H3	P45973	HUMAN Chromobox protein homolog 5	4	H3	5	H3_5
Q71DI3	H3	P62979	HUMAN Ubiquitin-60S ribosomal protein L40	4	H3	5	H3_5
Q71DI3	H3	P62987	HUMAN Ubiquitin-60S ribosomal protein L40	4	H3	5	H3_5
Q71DI3	H3	Q8TD16;Q8TD16-2	HUMAN Protein bicaudal D homolog 2	4	H3	5	H3_5
Q71DI3	H3	Q9BR39	HUMAN Junctophilin-2	4	H3	5	H3_5
P68431	H3	P05204	HUMAN Non-histone chromosomal protein HMG-17	9	H3	10	H3_10
P84243	H3	P05204	HUMAN Non-histone chromosomal protein HMG-17	9	H3	10	H3_10
Q16695	H3	P05204	HUMAN Non-histone chromosomal protein HMG-17	9	H3	10	H3_10
Q6NXT2	H3	P05204	HUMAN Non-histone chromosomal protein HMG-17	9	H3	10	H3_10
Q71DI3	H3	P05204	HUMAN Non-histone chromosomal protein HMG-17	9	H3	10	H3_10
P68431	H3	Q8TD16;Q8TD16-2	HUMAN Protein bicaudal D homolog 2	14	H3	15	H3_15
P68431	H3	Q92576;Q92576-2	HUMAN PHD finger protein 3	14	H3	15	H3_15
P68431	H3	Q9UKX7;Q9UKX7-2	HUMAN Nuclear pore complex protein Nup50	14	H3	15	H3_15
P84243	H3	Q8TD16;Q8TD16-2	HUMAN Protein bicaudal D homolog 2	14	H3	15	H3_15
P84243	H3	Q92576;Q92576-2	HUMAN PHD finger protein 3	14	H3	15	H3_15
P84243	H3	Q9UKX7;Q9UKX7-2	HUMAN Nuclear pore complex protein Nup50	14	H3	15	H3_15
Q16695	H3	Q8TD16;Q8TD16-2	HUMAN Protein bicaudal D homolog 2	14	H3	15	H3_15
Q16695	H3	Q92576;Q92576-2	HUMAN PHD finger protein 3	14	H3	15	H3_15
Q16695	H3	Q9UKX7;Q9UKX7-2	HUMAN Nuclear pore complex protein Nup50	14	H3	15	H3_15
Q6NXT2	H3	Q8TD16;Q8TD16-2	HUMAN Protein bicaudal D homolog 2	14	H3	15	H3_15
Q6NXT2	H3	Q92576;Q92576-2	HUMAN PHD finger protein 3	14	H3	15	H3_15
Q6NXT2	H3	Q9UKX7;Q9UKX7-2	HUMAN Nuclear pore complex protein Nup50	14	H3	15	H3_15
Q71DI3	H3	Q8TD16;Q8TD16-2	HUMAN Protein bicaudal D homolog 2	14	H3	15	H3_15
Q71DI3	H3	Q92576;Q92576-2	HUMAN PHD finger protein 3	14	H3	15	H3_15
Q71DI3	H3	Q9UKX7;Q9UKX7-2	HUMAN Nuclear pore complex protein Nup50	14	H3	15	H3_15
P68431	H3	P05204	HUMAN Non-histone chromosomal protein HMG-17	18	H3	19	H3_19
P68431	H3	P0CG47	HUMAN Ubiquitin-60S ribosomal protein L40	18	H3	19	H3_19
P68431	H3	P0CG48	HUMAN Ubiquitin-60S ribosomal protein L40	18	H3	19	H3_19
P68431	H3	P17096	HUMAN High mobility group protein HMG-I/HMG-Y	18	H3	19	H3_19
P68431	H3	P62979	HUMAN Ubiquitin-60S ribosomal protein L40	18	H3	19	H3_19
P68431	H3	P62987	HUMAN Ubiquitin-60S ribosomal protein L40	18	H3	19	H3_19
P68431	H3	Q8TD16;Q8TD16-2	HUMAN Protein bicaudal D homolog 2	18	H3	19	H3_19
P68431	H3	Q9BR39	HUMAN Junctophilin-2	18	H3	19	H3_19
P84243	H3	P05204	HUMAN Non-histone chromosomal protein HMG-17	18	H3	19	H3_19
P84243	H3	P0CG47	HUMAN Ubiquitin-60S ribosomal protein L40	18	H3	19	H3_19
P84243	H3	P0CG48	HUMAN Ubiquitin-60S ribosomal protein L40	18	H3	19	H3_19
P84243	H3	P17096	HUMAN High mobility group protein HMG-I/HMG-Y	18	H3	19	H3_19
P84243	H3	P62979	HUMAN Ubiquitin-60S ribosomal protein L40	18	H3	19	H3_19
P84243	H3	P62987	HUMAN Ubiquitin-60S ribosomal protein L40	18	H3	19	H3_19
P84243	H3	Q8TD16;Q8TD16-2	HUMAN Protein bicaudal D homolog 2	18	H3	19	H3_19
P84243	H3	Q9BR39	HUMAN Junctophilin-2	18	H3	19	H3_19
Q16695	H3	P05204	HUMAN Non-histone chromosomal protein HMG-17	18	H3	19	H3_19
Q16695	H3	P0CG47	HUMAN Ubiquitin-60S ribosomal protein L40	18	H3	19	H3_19
Q16695	H3	P0CG48	HUMAN Ubiquitin-60S ribosomal protein L40	18	H3	19	H3_19
Q16695	H3	P17096	HUMAN High mobility group protein HMG-I/HMG-Y	18	H3	19	H3_19
Q16695	H3	P62979	HUMAN Ubiquitin-60S ribosomal protein L40	18	H3	19	H3_19
Q16695	H3	P62987	HUMAN Ubiquitin-60S ribosomal protein L40	18	H3	19	H3_19
Q16695	H3	Q8TD16;Q8TD16-2	HUMAN Protein bicaudal D homolog 2	18	H3	19	H3_19
Q16695	H3	Q9BR39	HUMAN Junctophilin-2	18	H3	19	H3_19
Q6NXT2	H3	P05204	HUMAN Non-histone chromosomal protein HMG-17	18	H3	19	H3_19
Q6NXT2	H3	P0CG47	HUMAN Ubiquitin-60S ribosomal protein L40	18	H3	19	H3_19
Q6NXT2	H3	P0CG48	HUMAN Ubiquitin-60S ribosomal protein L40	18	H3	19	H3_19
Q6NXT2	H3	P17096	HUMAN High mobility group protein HMG-I/HMG-Y	18	H3	19	H3_19
Q6NXT2	H3	P62979	HUMAN Ubiquitin-60S ribosomal protein L40	18	H3	19	H3_19
Q6NXT2	H3	P62987	HUMAN Ubiquitin-60S ribosomal protein L40	18	H3	19	H3_19
Q6NXT2	H3	Q8TD16;Q8TD16-2	HUMAN Protein bicaudal D homolog 2	18	H3	19	H3_19
Q6NXT2	H3	Q9BR39	HUMAN Junctophilin-2	18	H3	19	H3_19
Q71DI3	H3	P05204	HUMAN Non-histone chromosomal protein HMG-17	18	H3	19	H3_19
Q71DI3	H3	P0CG47	HUMAN Ubiquitin-60S ribosomal protein L40	18	H3	19	H3_19
Q71DI3	H3	P0CG48	HUMAN Ubiquitin-60S ribosomal protein L40	18	H3	19	H3_19
Q71DI3	H3	P17096	HUMAN High mobility group protein HMG-I/HMG-Y	18	H3	19	H3_19
Q71DI3	H3	P62979	HUMAN Ubiquitin-60S ribosomal protein L40	18	H3	19	H3_19
Q71DI3	H3	P62987	HUMAN Ubiquitin-60S ribosomal protein L40	18	H3	19	H3_19
Q71DI3	H3	Q8TD16;Q8TD16-2	HUMAN Protein bicaudal D homolog 2	18	H3	19	H3_19
Q71DI3	H3	Q9BR39	HUMAN Junctophilin-2	18	H3	19	H3_19
P68431	H3	P05204	HUMAN Non-histone chromosomal protein HMG-17	23	H3	24	H3_24
P68431	H3	P17096	HUMAN High mobility group protein HMG-I/HMG-Y	23	H3	24	H3_24
P68431	H3	P46087	HUMAN Probable 28S rRNA (cytosine(4447)-C(5))-methyltransferase	23	H3	24	H3_24
P68431	H3	Q8TD16;Q8TD16-2	HUMAN Protein bicaudal D homolog 2	23	H3	24	H3_24
P84243	H3	P05204	HUMAN Non-histone chromosomal protein HMG-17	23	H3	24	H3_24
P84243	H3	P17096	HUMAN High mobility group protein HMG-I/HMG-Y	23	H3	24	H3_24
P84243	H3	P46087	HUMAN Probable 28S rRNA (cytosine(4447)-C(5))-methyltransferase	23	H3	24	H3_24
P84243	H3	Q8TD16;Q8TD16-2	HUMAN Protein bicaudal D homolog 2	23	H3	24	H3_24
Q6NXT2	H3	P05204	HUMAN Non-histone chromosomal protein HMG-17	23	H3	24	H3_24
Q6NXT2	H3	P17096	HUMAN High mobility group protein HMG-I/HMG-Y	23	H3	24	H3_24
Q6NXT2	H3	P46087	HUMAN Probable 28S rRNA (cytosine(4447)-C(5))-methyltransferase	23	H3	24	H3_24
Q6NXT2	H3	Q8TD16;Q8TD16-2	HUMAN Protein bicaudal D homolog 2	23	H3	24	H3_24
Q71DI3	H3	P05204	HUMAN Non-histone chromosomal protein HMG-17	23	H3	24	H3_24
Q71DI3	H3	P17096	HUMAN High mobility group protein HMG-I/HMG-Y	23	H3	24	H3_24
Q71DI3	H3	P46087	HUMAN Probable 28S rRNA (cytosine(4447)-C(5))-methyltransferase	23	H3	24	H3_24
Q71DI3	H3	Q8TD16;Q8TD16-2	HUMAN Protein bicaudal D homolog 2	23	H3	24	H3_24
P68431	H3	P05204	HUMAN Non-histone chromosomal protein HMG-17	27	H3	28	H3_28
P68431	H3	P17096	HUMAN High mobility group protein HMG-I/HMG-Y	27	H3	28	H3_28
P68431	H3	P46087	HUMAN Probable 28S rRNA (cytosine(4447)-C(5))-methyltransferase	27	H3	28	H3_28
P68431	H3	Q14739	HUMAN Lamin-B receptor	27	H3	28	H3_28
P68431	H3	Q6IN85;Q6IN85-2;Q6IN85-4	HUMAN Serine/threonine-protein phosphatase 4 regulatory subunit 3A	27	H3	28	H3_28
P68431	H3	Q7Z7G8	HUMAN Vacuolar protein sorting-associated protein 13B	27	H3	28	H3_28
P68431	H3	Q96J77;Q96J77-2;Q96J77-3	HUMAN Tumor protein D55	27	H3	28	H3_28
P84243	H3	O60673;O60673-2	HUMAN DNA polymerase zeta catalytic subunit	27	H3	28	H3_28
Q16695	H3	P05204	HUMAN Non-histone chromosomal protein HMG-17	27	H3	28	H3_28
Q16695	H3	P17096	HUMAN High mobility group protein HMG-I/HMG-Y	27	H3	28	H3_28
Q16695	H3	P46087	HUMAN Probable 28S rRNA (cytosine(4447)-C(5))-methyltransferase	27	H3	28	H3_28
Q16695	H3	Q14739	HUMAN Lamin-B receptor	27	H3	28	H3_28
Q16695	H3	Q6IN85;Q6IN85-2;Q6IN85-4	HUMAN Serine/threonine-protein phosphatase 4 regulatory subunit 3A	27	H3	28	H3_28
Q16695	H3	Q7Z7G8	HUMAN Vacuolar protein sorting-associated protein 13B	27	H3	28	H3_28
Q16695	H3	Q96J77;Q96J77-2;Q96J77-3	HUMAN Tumor protein D55	27	H3	28	H3_28
Q71DI3	H3	P05204	HUMAN Non-histone chromosomal protein HMG-17	27	H3	28	H3_28
Q71DI3	H3	P17096	HUMAN High mobility group protein HMG-I/HMG-Y	27	H3	28	H3_28
Q71DI3	H3	P46087	HUMAN Probable 28S rRNA (cytosine(4447)-C(5))-methyltransferase	27	H3	28	H3_28
Q71DI3	H3	Q14739	HUMAN Lamin-B receptor	27	H3	28	H3_28
Q71DI3	H3	Q6IN85;Q6IN85-2;Q6IN85-4	HUMAN Serine/threonine-protein phosphatase 4 regulatory subunit 3A	27	H3	28	H3_28
Q71DI3	H3	Q7Z7G8	HUMAN Vacuolar protein sorting-associated protein 13B	27	H3	28	H3_28
Q71DI3	H3	Q96J77;Q96J77-2;Q96J77-3	HUMAN Tumor protein D55	27	H3	28	H3_28
P68431	H3	P49959;P49959-2;P49959-3	HUMAN Double-strand break repair protein MRE11A	56	H3	58	H3_58
P68431	H3	Q8N6M0	HUMAN OTU domain-containing protein 6B	56	H3	58	H3_58
P84243	H3	P49959;P49959-2;P49959-3	HUMAN Double-strand break repair protein MRE11A	56	H3	58	H3_58
P84243	H3	Q8N6M0	HUMAN OTU domain-containing protein 6B	56	H3	58	H3_58
Q16695	H3	P49959;P49959-2;P49959-3	HUMAN Double-strand break repair protein MRE11A	56	H3	58	H3_58
Q16695	H3	Q8N6M0	HUMAN OTU domain-containing protein 6B	56	H3	58	H3_58
Q6NXT2	H3	P49959;P49959-2;P49959-3	HUMAN Double-strand break repair protein MRE11A	55	H3	58	H3_58
Q6NXT2	H3	Q8N6M0	HUMAN OTU domain-containing protein 6B	55	H3	58	H3_58
Q71DI3	H3	P49959;P49959-2;P49959-3	HUMAN Double-strand break repair protein MRE11A	56	H3	58	H3_58
Q71DI3	H3	Q8N6M0	HUMAN OTU domain-containing protein 6B	56	H3	58	H3_58
P68431	H3	P11388	HUMAN DNA topoisomerase 2-alpha	79	H3	81	H3_81
P68431	H3	P25490	HUMAN Transcriptional repressor protein YY1	79	H3	81	H3_81
P68431	H3	P48741	HUMAN Putative heat shock 70 kDa protein 7	79	H3	81	H3_81
P68431	H3	P52948;P52948-2;P52948-5;P52948-6	HUMAN Nuclear pore complex protein Nup98-Nup96	79	H3	81	H3_81
P68431	H3	P62826	HUMAN GTP-binding nuclear protein Ran	79	H3	81	H3_81
P68431	H3	Q68DE3	HUMAN Basic helix-loop-helix domain-containing protein USF3	79	H3	81	H3_81
P84243	H3	P11388	HUMAN DNA topoisomerase 2-alpha	79	H3	81	H3_81
P84243	H3	P25490	HUMAN Transcriptional repressor protein YY1	79	H3	81	H3_81
P84243	H3	P48741	HUMAN Putative heat shock 70 kDa protein 7	79	H3	81	H3_81
P84243	H3	P52948;P52948-2;P52948-5;P52948-6	HUMAN Nuclear pore complex protein Nup98-Nup96	79	H3	81	H3_81
P84243	H3	P62826	HUMAN GTP-binding nuclear protein Ran	79	H3	81	H3_81
P84243	H3	Q68DE3	HUMAN Basic helix-loop-helix domain-containing protein USF3	79	H3	81	H3_81
Q16695	H3	P11388	HUMAN DNA topoisomerase 2-alpha	79	H3	81	H3_81
Q16695	H3	P25490	HUMAN Transcriptional repressor protein YY1	79	H3	81	H3_81
Q16695	H3	P48741	HUMAN Putative heat shock 70 kDa protein 7	79	H3	81	H3_81
Q16695	H3	P52948;P52948-2;P52948-5;P52948-6	HUMAN Nuclear pore complex protein Nup98-Nup96	79	H3	81	H3_81
Q16695	H3	P62826	HUMAN GTP-binding nuclear protein Ran	79	H3	81	H3_81
Q16695	H3	Q68DE3	HUMAN Basic helix-loop-helix domain-containing protein USF3	79	H3	81	H3_81
Q71DI3	H3	P11388	HUMAN DNA topoisomerase 2-alpha	79	H3	81	H3_81
Q71DI3	H3	P25490	HUMAN Transcriptional repressor protein YY1	79	H3	81	H3_81
Q71DI3	H3	P48741	HUMAN Putative heat shock 70 kDa protein 7	79	H3	81	H3_81
Q71DI3	H3	P52948;P52948-2;P52948-5;P52948-6	HUMAN Nuclear pore complex protein Nup98-Nup96	79	H3	81	H3_81
Q71DI3	H3	P62826	HUMAN GTP-binding nuclear protein Ran	79	H3	81	H3_81
Q71DI3	H3	Q68DE3	HUMAN Basic helix-loop-helix domain-containing protein USF3	79	H3	81	H3_81
P68431	H3	Q8NE71;Q8NE71-2	HUMAN ATP-binding cassette sub-family F member 1	122	H3	126	H3_126
P84243	H3	Q8NE71;Q8NE71-2	HUMAN ATP-binding cassette sub-family F member 1	122	H3	126	H3_126
Q16695	H3	Q8NE71;Q8NE71-2	HUMAN ATP-binding cassette sub-family F member 1	122	H3	126	H3_126
Q6NXT2	H3	Q8NE71;Q8NE71-2	HUMAN ATP-binding cassette sub-family F member 1	121	H3	126	H3_126
Q71DI3	H3	Q8NE71;Q8NE71-2	HUMAN ATP-binding cassette sub-family F member 1	122	H3	126	H3_126
P62805	H4	P05204	HUMAN Non-histone chromosomal protein HMG-17	8	H4	9	H4_9
P62805	H4	P0CG47	HUMAN Ubiquitin-60S ribosomal protein L40	8	H4	9	H4_9
P62805	H4	P0CG48	HUMAN Ubiquitin-60S ribosomal protein L40	8	H4	9	H4_9
P62805	H4	P17096	HUMAN High mobility group protein HMG-I/HMG-Y	8	H4	9	H4_9
P62805	H4	P62979	HUMAN Ubiquitin-60S ribosomal protein L40	8	H4	9	H4_9
P62805	H4	P62987	HUMAN Ubiquitin-60S ribosomal protein L40	8	H4	9	H4_9
P62805	H4	Q9BR39	HUMAN Junctophilin-2	8	H4	9	H4_9
P62805	H4	P05204	HUMAN Non-histone chromosomal protein HMG-17	12	H4	13	H4_13
P62805	H4	P05204	HUMAN Non-histone chromosomal protein HMG-17	16	H4	17	H4_17
P62805	H4	P0CG47	HUMAN Ubiquitin-60S ribosomal protein L40	16	H4	17	H4_17
P62805	H4	P0CG48	HUMAN Ubiquitin-60S ribosomal protein L40	16	H4	17	H4_17
P62805	H4	P17096	HUMAN High mobility group protein HMG-I/HMG-Y	16	H4	17	H4_17
P62805	H4	P62826	HUMAN GTP-binding nuclear protein Ran	16	H4	17	H4_17
P62805	H4	P62979	HUMAN Ubiquitin-60S ribosomal protein L40	16	H4	17	H4_17
P62805	H4	P62987	HUMAN Ubiquitin-60S ribosomal protein L40	16	H4	17	H4_17
P62805	H4	P25490	HUMAN Transcriptional repressor protein YY1	20	H4	21	H4_21
P62805	H4	P48741	HUMAN Putative heat shock 70 kDa protein 7	20	H4	21	H4_21
P62805	H4	Q68DE3	HUMAN Basic helix-loop-helix domain-containing protein USF3	20	H4	21	H4_21
P62805	H4	P25490	HUMAN Transcriptional repressor protein YY1	31	H4	32	H4_32
P62805	H4	Q68DE3	HUMAN Basic helix-loop-helix domain-containing protein USF3	31	H4	32	H4_32
P62805	H4	P25490	HUMAN Transcriptional repressor protein YY1	77	H4	78	H4_78
P62805	H4	P45973	HUMAN Chromobox protein homolog 5	77	H4	78	H4_78
P62805	H4	Q68DE3	HUMAN Basic helix-loop-helix domain-containing protein USF3	77	H4	78	H4_78
O00479	HUMAN High mobility group nucleosome-binding domain-containing protein 4	P06748;P06748-2;P06748-3	HUMAN Nucleophosmin	NA	O00479	NA	O00479
O00763;O00763-2	HUMAN Acetyl-CoA carboxylase 2	P17096	HUMAN High mobility group protein HMG-I/HMG-Y	NA	O00763;O00763-2	NA	O00763;O00763-2
O14974;O14974-2;O14974-3;O14974-4;O14974-5	HUMAN Protein phosphatase 1 regulatory subunit 12A	P14625	HUMAN Endoplasmin	NA	O14974;O14974-2;O14974-3;O14974-4;O14974-5	NA	O14974;O14974-2;O14974-3;O14974-4;O14974-5
O15072	HUMAN A disintegrin and metalloproteinase with thrombospondin motifs 3	P14625	HUMAN Endoplasmin	NA	O15072	NA	O15072
O15230	HUMAN Laminin subunit alpha-5	Q15149;Q15149-2;Q15149-3;Q15149-4;Q15149-5;Q15149-6;Q15149-7;Q15149-8;Q15149-9	HUMAN Plectin	NA	O15230	NA	O15230
O43295;O43295-2;O43295-3	HUMAN SLIT-ROBO Rho GTPase-activating protein 3	P60903	HUMAN Protein S100-A10	NA	O43295;O43295-2;O43295-3	NA	O43295;O43295-2;O43295-3
O43824	HUMAN Putative GTP-binding protein 6	P83731	HUMAN 60S ribosomal protein L24	NA	O43824	NA	O43824
O60231	HUMAN Putative pre-mRNA-splicing factor ATP-dependent RNA helicase DHX16	P11388	HUMAN DNA topoisomerase 2-alpha	NA	O60231	NA	O60231
O60343-4	HUMAN Isoform 4 of TBC1 domain family member 4	P0CG47	HUMAN Ubiquitin-60S ribosomal protein L40	NA	O60343-4	NA	O60343-4
O60343-4	HUMAN Isoform 4 of TBC1 domain family member 4	P0CG48	HUMAN Ubiquitin-60S ribosomal protein L40	NA	O60343-4	NA	O60343-4
O60343-4	HUMAN Isoform 4 of TBC1 domain family member 4	P62979	HUMAN Ubiquitin-60S ribosomal protein L40	NA	O60343-4	NA	O60343-4
O60343-4	HUMAN Isoform 4 of TBC1 domain family member 4	P62987	HUMAN Ubiquitin-60S ribosomal protein L40	NA	O60343-4	NA	O60343-4
O60447;O60447-2	HUMAN Ecotropic viral integration site 5 protein homolog	P14625	HUMAN Endoplasmin	NA	O60447;O60447-2	NA	O60447;O60447-2
O75054;O75054-2	HUMAN Immunoglobulin superfamily member 3	P62826	HUMAN GTP-binding nuclear protein Ran	NA	O75054;O75054-2	NA	O75054;O75054-2
O75054;O75054-2	HUMAN Immunoglobulin superfamily member 3	Q00341;Q00341-2	HUMAN Vigilin	NA	O75054;O75054-2	NA	O75054;O75054-2
O75330;O75330-2;O75330-3;O75330-4	HUMAN Hyaluronan mediated motility receptor	O60841	HUMAN Eukaryotic translation initiation factor 5B	NA	O75330;O75330-2;O75330-3;O75330-4	NA	O75330;O75330-2;O75330-3;O75330-4
O75379;O75379-2	HUMAN Vesicle-associated membrane protein 4	P02545	HUMAN Prelamin-A/C	NA	O75379;O75379-2	NA	O75379;O75379-2
O75390	HUMAN Citrate synthase	Q15149;Q15149-2;Q15149-3;Q15149-4;Q15149-5;Q15149-6;Q15149-7;Q15149-8;Q15149-9	HUMAN Plectin	NA	O75390	NA	O75390
O95238	HUMAN SAM pointed domain-containing Ets transcription factor	O14662;O14662-2;O14662-4;O14662-5;O14662-6	HUMAN Syntaxin-16	NA	O95238	NA	O95238
O95425;O95425-2;O95425-3;O95425-4	HUMAN Supervillin	Q02878	HUMAN 60S ribosomal protein L6	NA	O95425;O95425-2;O95425-3;O95425-4	NA	O95425;O95425-2;O95425-3;O95425-4
P02545	HUMAN Prelamin-A/C	P20700	HUMAN Lamin-B1	NA	P02545	NA	P02545
P05204	HUMAN Non-histone chromosomal protein HMG-17	O43711	HUMAN T-cell leukemia homeobox protein 3	NA	P05204	NA	P05204
P05783	HUMAN Keratin	Q15149;Q15149-2;Q15149-3;Q15149-4;Q15149-5;Q15149-6;Q15149-7;Q15149-8;Q15149-9	HUMAN Plectin	NA	P05783	NA	P05783
P05787;P05787-2	HUMAN Keratin	Q15149;Q15149-2;Q15149-3;Q15149-4;Q15149-5;Q15149-6;Q15149-7;Q15149-8;Q15149-9	HUMAN Plectin	NA	P05787;P05787-2	NA	P05787;P05787-2
P10916	HUMAN Myosin regulatory light chain 2	P05204	HUMAN Non-histone chromosomal protein HMG-17	NA	P10916	NA	P10916
P11021	HUMAN 78 kDa glucose-regulated protein	Q9Y4L1;Q9Y4L1-2	HUMAN Hypoxia up-regulated protein 1	NA	P11021	NA	P11021
P15822;P15822-2;P15822-3	HUMAN Zinc finger protein 40	P09874	HUMAN Poly [ADP-ribose] polymerase 1	NA	P15822;P15822-2;P15822-3	NA	P15822;P15822-2;P15822-3
P17096	HUMAN High mobility group protein HMG-I/HMG-Y	Q5BKX8	HUMAN Muscle-related coiled-coil protein	NA	P17096	NA	P17096
P20700	HUMAN Lamin-B1	P02545	HUMAN Prelamin-A/C	NA	P20700	NA	P20700
P23396;P23396-2	HUMAN 40S ribosomal protein S3	P62861	HUMAN 40S ribosomal protein S30	NA	P23396;P23396-2	NA	P23396;P23396-2
P25490	HUMAN Transcriptional repressor protein YY1	Q9UQE7	HUMAN Structural maintenance of chromosomes protein 3	NA	P25490	NA	P25490
P35499	HUMAN Sodium channel protein type 4 subunit alpha	Q13217	HUMAN DnaJ homolog subfamily C member 3	NA	P35499	NA	P35499
P40222	HUMAN Alpha-taxilin	P17096	HUMAN High mobility group protein HMG-I/HMG-Y	NA	P40222	NA	P40222
P40222	HUMAN Alpha-taxilin	P17096	HUMAN High mobility group protein HMG-I/HMG-Y	NA	P40222	NA	P40222
P46087	HUMAN Probable 28S rRNA (cytosine(4447)-C(5))-methyltransferase	Q9Y221;Q9Y221-2	HUMAN 60S ribosome subunit biogenesis protein NIP7 homolog	NA	P46087	NA	P46087
P49796;P49796-1;P49796-2;P49796-4;P49796-6;P49796-7;P49796-8;P49796-9	HUMAN Regulator of G-protein signaling 3	P17096	HUMAN High mobility group protein HMG-I/HMG-Y	NA	P49796;P49796-1;P49796-2;P49796-4;P49796-6;P49796-7;P49796-8;P49796-9	NA	P49796;P49796-1;P49796-2;P49796-4;P49796-6;P49796-7;P49796-8;P49796-9
P51178;P51178-2	HUMAN 1-phosphatidylinositol 4	Q15149;Q15149-2;Q15149-3;Q15149-4;Q15149-5;Q15149-6;Q15149-7;Q15149-8;Q15149-9	HUMAN Plectin	NA	P51178;P51178-2	NA	P51178;P51178-2
P55081	HUMAN Microfibrillar-associated protein 1	Q8TD16;Q8TD16-2	HUMAN Protein bicaudal D homolog 2	NA	P55081	NA	P55081
P61247	HUMAN 40S ribosomal protein S3a	P62906	HUMAN 60S ribosomal protein L10a	NA	P61247	NA	P61247
P78316;P78316-2	HUMAN Nucleolar protein 14	P17096	HUMAN High mobility group protein HMG-I/HMG-Y	NA	P78316;P78316-2	NA	P78316;P78316-2
P78559;P78559-2	HUMAN Microtubule-associated protein 1A	Q15149;Q15149-2;Q15149-3;Q15149-4;Q15149-5;Q15149-6;Q15149-7;Q15149-8;Q15149-9	HUMAN Plectin	NA	P78559;P78559-2	NA	P78559;P78559-2
Q01973	HUMAN Inactive tyrosine-protein kinase transmembrane receptor ROR1	Q15149;Q15149-2;Q15149-3;Q15149-4;Q15149-5;Q15149-6;Q15149-7;Q15149-8;Q15149-9	HUMAN Plectin	NA	Q01973	NA	Q01973
Q04743-2	HUMAN Isoform 2 of Homeobox protein EMX2	Q9BR39	HUMAN Junctophilin-2	NA	Q04743-2	NA	Q04743-2
Q09666	HUMAN Neuroblast differentiation-associated protein AHNAK	P62750	HUMAN 60S ribosomal protein L23a	NA	Q09666	NA	Q09666
Q12796;Q12796-2	HUMAN Proline-rich nuclear receptor coactivator 1	P06748;P06748-2;P06748-3	HUMAN Nucleophosmin	NA	Q12796;Q12796-2	NA	Q12796;Q12796-2
Q12955;Q12955-4;Q12955-5;Q12955-7	HUMAN Ankyrin-3	P05114	HUMAN Non-histone chromosomal protein HMG-14	NA	Q12955;Q12955-4;Q12955-5;Q12955-7	NA	Q12955;Q12955-4;Q12955-5;Q12955-7
Q13535;Q13535-2;Q13535-3	HUMAN Serine/threonine-protein kinase ATR	Q15149;Q15149-2;Q15149-3;Q15149-4;Q15149-5;Q15149-6;Q15149-7;Q15149-8;Q15149-9	HUMAN Plectin	NA	Q13535;Q13535-2;Q13535-3	NA	Q13535;Q13535-2;Q13535-3
Q13889;Q13889-2	HUMAN General transcription factor IIH subunit 3	P17096	HUMAN High mobility group protein HMG-I/HMG-Y	NA	Q13889;Q13889-2	NA	Q13889;Q13889-2
Q13889;Q13889-2	HUMAN General transcription factor IIH subunit 3	P55145	HUMAN Mesencephalic astrocyte-derived neurotrophic factor	NA	Q13889;Q13889-2	NA	Q13889;Q13889-2
Q14146	HUMAN Unhealthy ribosome biogenesis protein 2 homolog	Q15149;Q15149-2;Q15149-3;Q15149-4;Q15149-5;Q15149-6;Q15149-7;Q15149-8;Q15149-9	HUMAN Plectin	NA	Q14146	NA	Q14146
Q14643;Q14643-2;Q14643-3;Q14643-4;Q14643-5;Q14643-6;Q14643-7;Q14643-8	HUMAN Inositol 1	Q15149;Q15149-2;Q15149-3;Q15149-4;Q15149-5;Q15149-6;Q15149-7;Q15149-8;Q15149-9	HUMAN Plectin	NA	Q14643;Q14643-2;Q14643-3;Q14643-4;Q14643-5;Q14643-6;Q14643-7;Q14643-8	NA	Q14643;Q14643-2;Q14643-3;Q14643-4;Q14643-5;Q14643-6;Q14643-7;Q14643-8
Q14693;Q14693-2;Q14693-3;Q14693-4;Q14693-5;Q14693-6;Q14693-7	HUMAN Phosphatidate phosphatase LPIN1	P14625	HUMAN Endoplasmin	NA	Q14693;Q14693-2;Q14693-3;Q14693-4;Q14693-5;Q14693-6;Q14693-7	NA	Q14693;Q14693-2;Q14693-3;Q14693-4;Q14693-5;Q14693-6;Q14693-7
Q14839	HUMAN Chromodomain-helicase-DNA-binding protein 4	Q09666	HUMAN Neuroblast differentiation-associated protein AHNAK	NA	Q14839	NA	Q14839
Q15058	HUMAN Kinesin-like protein KIF14	Q15149;Q15149-2;Q15149-3;Q15149-4;Q15149-5;Q15149-6;Q15149-7;Q15149-8;Q15149-9	HUMAN Plectin	NA	Q15058	NA	Q15058
Q15149;Q15149-2;Q15149-3;Q15149-4;Q15149-5;Q15149-6;Q15149-7;Q15149-8;Q15149-9	HUMAN Plectin	P02533;Q04695;P08727	HUMAN Keratin	NA	Q15149;Q15149-2;Q15149-3;Q15149-4;Q15149-5;Q15149-6;Q15149-7;Q15149-8;Q15149-9	NA	Q15149;Q15149-2;Q15149-3;Q15149-4;Q15149-5;Q15149-6;Q15149-7;Q15149-8;Q15149-9
Q15149;Q15149-2;Q15149-3;Q15149-4;Q15149-5;Q15149-6;Q15149-7;Q15149-8;Q15149-9	HUMAN Plectin	P05783	HUMAN Keratin	NA	Q15149;Q15149-2;Q15149-3;Q15149-4;Q15149-5;Q15149-6;Q15149-7;Q15149-8;Q15149-9	NA	Q15149;Q15149-2;Q15149-3;Q15149-4;Q15149-5;Q15149-6;Q15149-7;Q15149-8;Q15149-9
Q15149;Q15149-2;Q15149-3;Q15149-4;Q15149-5;Q15149-6;Q15149-7;Q15149-8;Q15149-9	HUMAN Plectin	P05787;P05787-2	HUMAN Keratin	NA	Q15149;Q15149-2;Q15149-3;Q15149-4;Q15149-5;Q15149-6;Q15149-7;Q15149-8;Q15149-9	NA	Q15149;Q15149-2;Q15149-3;Q15149-4;Q15149-5;Q15149-6;Q15149-7;Q15149-8;Q15149-9
Q15149;Q15149-2;Q15149-3;Q15149-4;Q15149-5;Q15149-6;Q15149-7;Q15149-8;Q15149-9	HUMAN Plectin	Q6KCM7;Q6KCM7-2;Q6KCM7-3;Q6KCM7-4;Q6KCM7-5;Q6KCM7-6	HUMAN Calcium-binding mitochondrial carrier protein SCaMC-2	NA	Q15149;Q15149-2;Q15149-3;Q15149-4;Q15149-5;Q15149-6;Q15149-7;Q15149-8;Q15149-9	NA	Q15149;Q15149-2;Q15149-3;Q15149-4;Q15149-5;Q15149-6;Q15149-7;Q15149-8;Q15149-9
Q15651;Q15651-2	HUMAN High mobility group nucleosome-binding domain-containing protein 3	P07355;P07355-2;A6NMY6	HUMAN Annexin A2	NA	Q15651;Q15651-2	NA	Q15651;Q15651-2
Q3YEC7;Q3YEC7-2	HUMAN Rab-like protein 6	Q14839	HUMAN Chromodomain-helicase-DNA-binding protein 4	NA	Q3YEC7;Q3YEC7-2	NA	Q3YEC7;Q3YEC7-2
Q5VYS4-2	HUMAN Isoform 2 of Mesenteric estrogen-dependent adipogenesis protein	P14625	HUMAN Endoplasmin	NA	Q5VYS4-2	NA	Q5VYS4-2
Q674X7;Q674X7-2;Q674X7-3;Q674X7-4;Q674X7-5	HUMAN Kazrin	Q15149;Q15149-2;Q15149-3;Q15149-4;Q15149-5;Q15149-6;Q15149-7;Q15149-8;Q15149-9	HUMAN Plectin	NA	Q674X7;Q674X7-2;Q674X7-3;Q674X7-4;Q674X7-5	NA	Q674X7;Q674X7-2;Q674X7-3;Q674X7-4;Q674X7-5
Q6IBS0	HUMAN Twinfilin-2	P05204	HUMAN Non-histone chromosomal protein HMG-17	NA	Q6IBS0	NA	Q6IBS0
Q6P2Q9	HUMAN Pre-mRNA-processing-splicing factor 8	O94925;O94925-3	HUMAN Glutaminase kidney isoform	NA	Q6P2Q9	NA	Q6P2Q9
Q6UW60	HUMAN Proprotein convertase subtilisin/kexin type 4	Q8NE71;Q8NE71-2	HUMAN ATP-binding cassette sub-family F member 1	NA	Q6UW60	NA	Q6UW60
Q6ZQQ6	HUMAN WD repeat-containing protein 87	P11142	HUMAN Heat shock cognate 71 kDa protein	NA	Q6ZQQ6	NA	Q6ZQQ6
Q6ZVC0;Q6ZVC0-2	HUMAN Neuronal tyrosine-phosphorylated phosphoinositide-3-kinase adapter 1	P02545	HUMAN Prelamin-A/C	NA	Q6ZVC0;Q6ZVC0-2	NA	Q6ZVC0;Q6ZVC0-2
Q6ZVC0;Q6ZVC0-2	HUMAN Neuronal tyrosine-phosphorylated phosphoinositide-3-kinase adapter 1	P02545	HUMAN Prelamin-A/C	NA	Q6ZVC0;Q6ZVC0-2	NA	Q6ZVC0;Q6ZVC0-2
Q7RTT6	HUMAN Putative protein SSX6	Q15149;Q15149-2;Q15149-3;Q15149-4;Q15149-5;Q15149-6;Q15149-7;Q15149-8;Q15149-9	HUMAN Plectin	NA	Q7RTT6	NA	Q7RTT6
Q86UG4;Q86UG4-2;Q86UG4-3	HUMAN Solute carrier organic anion transporter family member 6A1	P50914	HUMAN 60S ribosomal protein L14	NA	Q86UG4;Q86UG4-2;Q86UG4-3	NA	Q86UG4;Q86UG4-2;Q86UG4-3
Q86W92;Q86W92-2;Q86W92-3;Q86W92-4	HUMAN Liprin-beta-1	Q9Y520;Q9Y520-2;Q9Y520-3;Q9Y520-4;Q9Y520-5;Q9Y520-6;Q9Y520-7	HUMAN Protein PRRC2C	NA	Q86W92;Q86W92-2;Q86W92-3;Q86W92-4	NA	Q86W92;Q86W92-2;Q86W92-3;Q86W92-4
Q86XR2-5	HUMAN Isoform 5 of Niban-like protein 2	P14625	HUMAN Endoplasmin	NA	Q86XR2-5	NA	Q86XR2-5
Q86Y22	HUMAN Collagen alpha-1(XXIII) chain	P02545	HUMAN Prelamin-A/C	NA	Q86Y22	NA	Q86Y22
Q86Y22	HUMAN Collagen alpha-1(XXIII) chain	P62906	HUMAN 60S ribosomal protein L10a	NA	Q86Y22	NA	Q86Y22
Q8IUR0	HUMAN Trafficking protein particle complex subunit 5	Q15149;Q15149-2;Q15149-3;Q15149-4;Q15149-5;Q15149-6;Q15149-7;Q15149-8;Q15149-9	HUMAN Plectin	NA	Q8IUR0	NA	Q8IUR0
Q8IW00;Q8IW00-2	HUMAN V-set and transmembrane domain-containing protein 4	Q14739	HUMAN Lamin-B receptor	NA	Q8IW00;Q8IW00-2	NA	Q8IW00;Q8IW00-2
Q8IX01;Q8IX01-3;Q8IX01-4	HUMAN SURP and G-patch domain-containing protein 2	P05114	HUMAN Non-histone chromosomal protein HMG-14	NA	Q8IX01;Q8IX01-3;Q8IX01-4	NA	Q8IX01;Q8IX01-3;Q8IX01-4
Q8IX06	HUMAN Putative exonuclease GOR	P82914	HUMAN 28S ribosomal protein S15	NA	Q8IX06	NA	Q8IX06
Q8N5M1	HUMAN ATP synthase mitochondrial F1 complex assembly factor 2	P05204	HUMAN Non-histone chromosomal protein HMG-17	NA	Q8N5M1	NA	Q8N5M1
Q8NF91;Q8NF91-4;Q8NF91-7	HUMAN Nesprin-1	P05204	HUMAN Non-histone chromosomal protein HMG-17	NA	Q8NF91;Q8NF91-4;Q8NF91-7	NA	Q8NF91;Q8NF91-4;Q8NF91-7
Q8TD19	HUMAN Serine/threonine-protein kinase Nek9	Q8TD16;Q8TD16-2	HUMAN Protein bicaudal D homolog 2	NA	Q8TD19	NA	Q8TD19
Q8TD26;Q8TD26-2;Q8TD26-3	HUMAN Chromodomain-helicase-DNA-binding protein 6	P05204	HUMAN Non-histone chromosomal protein HMG-17	NA	Q8TD26;Q8TD26-2;Q8TD26-3	NA	Q8TD26;Q8TD26-2;Q8TD26-3
Q8TEJ3	HUMAN SH3 domain-containing RING finger protein 3	P14625	HUMAN Endoplasmin	NA	Q8TEJ3	NA	Q8TEJ3
Q8WYB5	HUMAN Histone acetyltransferase KAT6B	P12532;P12532-2	HUMAN Creatine kinase U-type	NA	Q8WYB5	NA	Q8WYB5
Q8WYP5;Q8WYP5-2;Q8WYP5-3	HUMAN Protein ELYS	Q15651;Q15651-2	HUMAN High mobility group nucleosome-binding domain-containing protein 3	NA	Q8WYP5;Q8WYP5-2;Q8WYP5-3	NA	Q8WYP5;Q8WYP5-2;Q8WYP5-3
Q8WZ42	HUMAN Titin	O43852;O43852-2;O43852-3;O43852-4;O43852-5;O43852-6;O43852-7;O43852-8;O43852-9;O43852-10;O43852-11;O43852-12;O43852-13;O43852-14	HUMAN Calumenin	NA	Q8WZ42	NA	Q8WZ42
Q8WZ42	HUMAN Titin	O76021	HUMAN Ribosomal L1 domain-containing protein 1	NA	Q8WZ42	NA	Q8WZ42
Q92576;Q92576-2	HUMAN PHD finger protein 3	P17096	HUMAN High mobility group protein HMG-I/HMG-Y	NA	Q92576;Q92576-2	NA	Q92576;Q92576-2
Q92835;Q92835-2;Q92835-3	HUMAN Phosphatidylinositol 3	P17096	HUMAN High mobility group protein HMG-I/HMG-Y	NA	Q92835;Q92835-2;Q92835-3	NA	Q92835;Q92835-2;Q92835-3
Q96BI1	HUMAN Solute carrier family 22 member 18	O75521;O75521-2	HUMAN Enoyl-CoA delta isomerase 2	NA	Q96BI1	NA	Q96BI1
Q96KJ9	HUMAN Cytochrome c oxidase subunit 4 isoform 2	Q14789;Q14789-2;Q14789-3;Q14789-4	HUMAN Golgin subfamily B member 1	NA	Q96KJ9	NA	Q96KJ9
Q96T55;Q96T55-5	HUMAN Potassium channel subfamily K member 16	P05204	HUMAN Non-histone chromosomal protein HMG-17	NA	Q96T55;Q96T55-5	NA	Q96T55;Q96T55-5
Q96T58	HUMAN Msx2-interacting protein	P17096	HUMAN High mobility group protein HMG-I/HMG-Y	NA	Q96T58	NA	Q96T58
Q9BSL1	HUMAN Ubiquitin-associated domain-containing protein 1	P05204	HUMAN Non-histone chromosomal protein HMG-17	NA	Q9BSL1	NA	Q9BSL1
Q9BYN7	HUMAN Zinc finger protein 341	P30837	HUMAN Aldehyde dehydrogenase X	NA	Q9BYN7	NA	Q9BYN7
Q9H0I2-2	HUMAN Isoform 2 of Enkurin domain-containing protein 1	Q9Y4L1;Q9Y4L1-2	HUMAN Hypoxia up-regulated protein 1	NA	Q9H0I2-2	NA	Q9H0I2-2
Q9H4A3;Q9H4A3-2;Q9H4A3-4;Q9H4A3-5;Q9H4A3-6;Q9H4A3-7	HUMAN Serine/threonine-protein kinase WNK1	P05204	HUMAN Non-histone chromosomal protein HMG-17	NA	Q9H4A3;Q9H4A3-2;Q9H4A3-4;Q9H4A3-5;Q9H4A3-6;Q9H4A3-7	NA	Q9H4A3;Q9H4A3-2;Q9H4A3-4;Q9H4A3-5;Q9H4A3-6;Q9H4A3-7
Q9H7B2	HUMAN Ribosome production factor 2 homolog	P05204	HUMAN Non-histone chromosomal protein HMG-17	NA	Q9H7B2	NA	Q9H7B2
Q9HD67;Q9HD67-3	HUMAN Unconventional myosin-X	P14625	HUMAN Endoplasmin	NA	Q9HD67;Q9HD67-3	NA	Q9HD67;Q9HD67-3
Q9NPC7;Q9NPC7-2;Q9NPC7-3;Q9NPC7-4	HUMAN Myoneurin	Q14839	HUMAN Chromodomain-helicase-DNA-binding protein 4	NA	Q9NPC7;Q9NPC7-2;Q9NPC7-3;Q9NPC7-4	NA	Q9NPC7;Q9NPC7-2;Q9NPC7-3;Q9NPC7-4
Q9NQ66;Q9NQ66-2	HUMAN 1-phosphatidylinositol 4	Q99623	HUMAN Prohibitin-2	NA	Q9NQ66;Q9NQ66-2	NA	Q9NQ66;Q9NQ66-2
Q9NR99	HUMAN Matrix-remodeling-associated protein 5	P05204	HUMAN Non-histone chromosomal protein HMG-17	NA	Q9NR99	NA	Q9NR99
Q9P1P4	HUMAN Putative trace amine-associated receptor 3	Q08211	HUMAN ATP-dependent RNA helicase A	NA	Q9P1P4	NA	Q9P1P4
Q9UBT6;Q9UBT6-2;Q9UBT6-4;Q9UBT6-5;Q9UBT6-6;Q9UBT6-7;Q9UBT6-8	HUMAN DNA polymerase kappa	P14625	HUMAN Endoplasmin	NA	Q9UBT6;Q9UBT6-2;Q9UBT6-4;Q9UBT6-5;Q9UBT6-6;Q9UBT6-7;Q9UBT6-8	NA	Q9UBT6;Q9UBT6-2;Q9UBT6-4;Q9UBT6-5;Q9UBT6-6;Q9UBT6-7;Q9UBT6-8
Q9UIG0	HUMAN Tyrosine-protein kinase BAZ1B	O60264	HUMAN SWI/SNF-related matrix-associated actin-dependent regulator of chromatin subfamily A member 5	NA	Q9UIG0	NA	Q9UIG0
Q9ULE6	HUMAN Paladin	P02545	HUMAN Prelamin-A/C	NA	Q9ULE6	NA	Q9ULE6
Q9Y2B0;Q9Y2B0-2	HUMAN Protein canopy homolog 2	P14625	HUMAN Endoplasmin	NA	Q9Y2B0;Q9Y2B0-2	NA	Q9Y2B0;Q9Y2B0-2
Q9Y3A2	HUMAN Probable U3 small nucleolar RNA-associated protein 11	Q15149;Q15149-2;Q15149-3;Q15149-4;Q15149-5;Q15149-6;Q15149-7;Q15149-8;Q15149-9	HUMAN Plectin	NA	Q9Y3A2	NA	Q9Y3A2
Q9Y4L1;Q9Y4L1-2	HUMAN Hypoxia up-regulated protein 1	P11021	HUMAN 78 kDa glucose-regulated protein	NA	Q9Y4L1;Q9Y4L1-2	NA	Q9Y4L1;Q9Y4L1-2
Q9Y6N6	HUMAN Laminin subunit gamma-3	Q14839	HUMAN Chromodomain-helicase-DNA-binding protein 4	NA	Q9Y6N6	NA	Q9Y6N6
Q9Y6Q1	HUMAN Calpain-6	P19338	HUMAN Nucleolin	NA	Q9Y6Q1	NA	Q9Y6Q1
Q9Y6V0;Q9Y6V0-2;Q9Y6V0-5;Q9Y6V0-6	HUMAN Protein piccolo	P05204	HUMAN Non-histone chromosomal protein HMG-17	NA	Q9Y6V0;Q9Y6V0-2;Q9Y6V0-5;Q9Y6V0-6	NA	Q9Y6V0;Q9Y6V0-2;Q9Y6V0-5;Q9Y6V0-6