target_uniprot	target_name	source_uniprot	source_name	source_domain	target_name2	uniprot_residue	aligned_residue
A8K4Y7	ACETYLATED HISTONE 3 PEPTIDE (H3K14AC)	Q9UIF8	BROMODOMAIN ADJACENT TO ZINC FINGER DOMAIN PROTEIN 2B	BROMO_BAZ2A_B_LIKE	H3	12	12
A8K4Y7	ACETYLATED HISTONE 3 PEPTIDE (H3K14AC)	Q9UIF8	BROMODOMAIN ADJACENT TO ZINC FINGER DOMAIN PROTEIN 2B	BROMO_BAZ2A_B_LIKE	H3	13	13
A8K4Y7	ACETYLATED HISTONE 3 PEPTIDE (H3K14AC)	Q9UIF8	BROMODOMAIN ADJACENT TO ZINC FINGER DOMAIN PROTEIN 2B	BROMO_BAZ2A_B_LIKE	H3	15	15
A8K4Y7	ACETYLATED HISTONE 3 PEPTIDE (H3K14AC)	Q9UIF8	BROMODOMAIN ADJACENT TO ZINC FINGER DOMAIN PROTEIN 2B	BROMO_BAZ2A_B_LIKE	H3	16	16
A8K4Y7	ACETYLATED HISTONE 3 PEPTIDE (H3K14AC)	Q9UIF8	BROMODOMAIN ADJACENT TO ZINC FINGER DOMAIN PROTEIN 2B	BROMO_BAZ2A_B_LIKE	H3	17	17
A8K4Y7	ACETYLATED HISTONE 3 PEPTIDE (H3K14AC)	Q9UIF8	BROMODOMAIN ADJACENT TO ZINC FINGER DOMAIN PROTEIN 2B	BROMO_BAZ2A_B_LIKE	H3	18	18
A8K4Y7	H3 HISTONE	P61964	WD REPEAT-CONTAINING PROTEIN 5	WD40	H3	1	1
A8K4Y7	H3 HISTONE	P61964	WD REPEAT-CONTAINING PROTEIN 5	WD40	H3	2	2
A8K4Y7	H3 HISTONE	P61964	WD REPEAT-CONTAINING PROTEIN 5	WD40	H3	3	3
A8K4Y7	H3 HISTONE	P61964	WD REPEAT-CONTAINING PROTEIN 5	WD40	H3	5	5
A8K4Y7	H3 HISTONE	P61964	WD REPEAT-CONTAINING PROTEIN 5	WD40	H3	6	6
A8K4Y7	H3K4ME3 PEPTIDE	O75151	LYSINE-SPECIFIC DEMETHYLASE PHF2	PHD_PHF2	H3	1	1
A8K4Y7	H3K4ME3 PEPTIDE	O75151	LYSINE-SPECIFIC DEMETHYLASE PHF2	PHD_PHF2	H3	2	2
A8K4Y7	H3K4ME3 PEPTIDE	O75151	LYSINE-SPECIFIC DEMETHYLASE PHF2	PHD_PHF2	H3	3	3
A8K4Y7	H3K4ME3 PEPTIDE	O75151	LYSINE-SPECIFIC DEMETHYLASE PHF2	PHD_PHF2	H3	5	5
A8K4Y7	H3K4ME3 PEPTIDE	O75151	LYSINE-SPECIFIC DEMETHYLASE PHF2	PHD_PHF2	H3	6	6
A8K4Y7	H3L-LIKE HISTONE	O43189	PHD FINGER PROTEIN 1	TUDOR	H3	32	32
A8K4Y7	H3L-LIKE HISTONE	O43189	PHD FINGER PROTEIN 1	TUDOR	H3	33	33
A8K4Y7	H3L-LIKE HISTONE	O43189	PHD FINGER PROTEIN 1	TUDOR	H3	35	35
A8K4Y7	H3L-LIKE HISTONE	O43189	PHD FINGER PROTEIN 1	TUDOR	H3	36	36
A8K4Y7	H3L-LIKE HISTONE	O43189	PHD FINGER PROTEIN 1	TUDOR	H3	38	38
A8K4Y7	H3L-LIKE HISTONE	O43189	PHD FINGER PROTEIN 1	TUDOR	H3	39	39
A8K4Y7	H3L-LIKE HISTONE	O43189	PHD FINGER PROTEIN 1	TUDOR	H3	40	40
A8K4Y7	HISTONE 3 PEPTIDE	O75164	LYSINE-SPECIFIC DEMETHYLASE 4A	JMJC	H3	10	10
A8K4Y7	HISTONE 3 PEPTIDE	O75164	LYSINE-SPECIFIC DEMETHYLASE 4A	JMJC	H3	35	35
A8K4Y7	HISTONE 3 PEPTIDE	O75164	LYSINE-SPECIFIC DEMETHYLASE 4A	JMJC	H3	37	37
A8K4Y7	HISTONE 3 PEPTIDE	O75164	LYSINE-SPECIFIC DEMETHYLASE 4A	JMJC	H3	38	38
A8K4Y7	HISTONE 3 PEPTIDE	O75164	LYSINE-SPECIFIC DEMETHYLASE 4A	JMJC	H3	41	41
A8K4Y7	HISTONE 3 PEPTIDE	O75164	LYSINE-SPECIFIC DEMETHYLASE 4A	JMJC	H3	8	8
A8K4Y7	HISTONE H3	O75164	LYSINE-SPECIFIC DEMETHYLASE 4A	JMJC	H3	36	36
A8K4Y7	HISTONE H3	O75164	LYSINE-SPECIFIC DEMETHYLASE 4A	JMJC	H3	38	38
A8K4Y7	HISTONE H3	O75164	LYSINE-SPECIFIC DEMETHYLASE 4A	JMJC	H3	39	39
A8K4Y7	HISTONE H3	O75164	LYSINE-SPECIFIC DEMETHYLASE 4A	JMJC	H3	40	40
A8K4Y7	HISTONE H3	O75164	LYSINE-SPECIFIC DEMETHYLASE 4A	JMJC	H3	42	42
A8K4Y7	HISTONE H3	P61964	WD REPEAT-CONTAINING PROTEIN 5	WD40	H3	1	1
A8K4Y7	HISTONE H3	P61964	WD REPEAT-CONTAINING PROTEIN 5	WD40	H3	2	2
A8K4Y7	HISTONE H3	P61964	WD REPEAT-CONTAINING PROTEIN 5	WD40	H3	3	3
A8K4Y7	HISTONE H3	P61964	WD REPEAT-CONTAINING PROTEIN 5	WD40	H3	5	5
A8K4Y7	HISTONE H3	Q92794	HISTONE ACETYLTRANSFERASE KAT6A	PHD1_MOZ	H3	11	11
A8K4Y7	HISTONE H3	Q92794	HISTONE ACETYLTRANSFERASE KAT6A	PHD1_MOZ	H3	12	12
A8K4Y7	HISTONE H3	Q92794	HISTONE ACETYLTRANSFERASE KAT6A	PHD1_MOZ	H3	13	13
A8K4Y7	HISTONE H3	Q92794	HISTONE ACETYLTRANSFERASE KAT6A	PHD1_MOZ	H3	14	14
A8K4Y7	HISTONE H3	Q92794	HISTONE ACETYLTRANSFERASE KAT6A	PHD1_MOZ	H3	16	16
A8K4Y7	HISTONE H3	Q92794	HISTONE ACETYLTRANSFERASE KAT6A	PHD1_MOZ	H3	17	17
A8K4Y7	HISTONE H3	Q92794	HISTONE ACETYLTRANSFERASE KAT6A	PHD1_MOZ	H3	20	20
A8K4Y7	HISTONE H3	Q92794	HISTONE ACETYLTRANSFERASE KAT6A	PHD1_MOZ	H3	21	21
A8K4Y7	HISTONE H3	Q92794	HISTONE ACETYLTRANSFERASE KAT6A	PHD1_MOZ	H3	24	24
A8K4Y7	HISTONE H3	Q92794	HISTONE ACETYLTRANSFERASE KAT6A	PHD1_MOZ	H3	25	25
A8K4Y7	HISTONE H3	Q92794	HISTONE ACETYLTRANSFERASE KAT6A	PHD1_MOZ	H3	3	3
A8K4Y7	HISTONE H3	Q92794	HISTONE ACETYLTRANSFERASE KAT6A	PHD1_MOZ	H3	5	5
A8K4Y7	HISTONE H3	Q92794	HISTONE ACETYLTRANSFERASE KAT6A	PHD1_MOZ	H3	8	8
A8K4Y7	HISTONE H3	Q92794	HISTONE ACETYLTRANSFERASE KAT6A	PHD1_MOZ	H3	9	9
A8K4Y7	HISTONE H3	Q92794	HISTONE ACETYLTRANSFERASE KAT6A	PHD2_KAT6A_6B	H3	2	2
A8K4Y7	HISTONE H3	Q92794	HISTONE ACETYLTRANSFERASE KAT6A	PHD2_KAT6A_6B	H3	3	3
A8K4Y7	HISTONE H3	Q92794	HISTONE ACETYLTRANSFERASE KAT6A	PHD2_KAT6A_6B	H3	4	4
A8K4Y7	HISTONE H3	Q92794	HISTONE ACETYLTRANSFERASE KAT6A	PHD2_KAT6A_6B	H3	5	5
A8K4Y7	HISTONE H3	Q92794	HISTONE ACETYLTRANSFERASE KAT6A	PHD2_KAT6A_6B	H3	6	6
A8K4Y7	HISTONE H3	Q92794	HISTONE ACETYLTRANSFERASE KAT6A	PHD2_KAT6A_6B	H3	7	7
A8K4Y7	HISTONE H3	Q92794	HISTONE ACETYLTRANSFERASE KAT6A	PHD2_KAT6A_6B	H3	8	8
A8K4Y7	HISTONE H3	Q92794	HISTONE ACETYLTRANSFERASE KAT6A	PHD2_KAT6A_6B	H3	9	9
A8K4Y7	HISTONE H3	Q9H9B1	HISTONE-LYSINE N-METHYLTRANSFERASE EHMT1	SET	H3	2	2
A8K4Y7	HISTONE H3	Q9H9B1	HISTONE-LYSINE N-METHYLTRANSFERASE EHMT1	SET	H3	3	3
A8K4Y7	HISTONE H3	Q9H9B1	HISTONE-LYSINE N-METHYLTRANSFERASE EHMT1	SET	H3	4	4
A8K4Y7	HISTONE H3	Q9H9B1	HISTONE-LYSINE N-METHYLTRANSFERASE EHMT1	SET	H3	5	5
A8K4Y7	HISTONE H3	Q9H9B1	HISTONE-LYSINE N-METHYLTRANSFERASE EHMT1	SET	H3	6	6
A8K4Y7	HISTONE H3	Q9H9B1	HISTONE-LYSINE N-METHYLTRANSFERASE EHMT1	SET	H3	8	8
A8K4Y7	HISTONE H3	Q9H9B1	HISTONE-LYSINE N-METHYLTRANSFERASE EHMT1	SET	H3	9	9
A8K4Y7	HISTONE H3 K4-ME 9-RESIDUE PEPTIDE	P61964	WD REPEAT-CONTAINING PROTEIN 5	WD40	H3	1	1
A8K4Y7	HISTONE H3 K4-ME 9-RESIDUE PEPTIDE	P61964	WD REPEAT-CONTAINING PROTEIN 5	WD40	H3	2	2
A8K4Y7	HISTONE H3 K4-ME 9-RESIDUE PEPTIDE	P61964	WD REPEAT-CONTAINING PROTEIN 5	WD40	H3	3	3
A8K4Y7	HISTONE H3 K4-ME 9-RESIDUE PEPTIDE	P61964	WD REPEAT-CONTAINING PROTEIN 5	WD40	H3	5	5
A8K4Y7	HISTONE H3 K4-ME 9-RESIDUE PEPTIDE	P61964	WD REPEAT-CONTAINING PROTEIN 5	WD40	H3	6	6
A8K4Y7	HISTONE H3 K4-ME 9-RESIDUE PEPTIDE	P61964	WD REPEAT-CONTAINING PROTEIN 5	WD40	H3	7	7
A8K4Y7	HISTONE H3 K4-ME 9-RESIDUE PEPTIDE	P61964	WD REPEAT-CONTAINING PROTEIN 5	WD40	H3	8	8
A8K4Y7	HISTONE H3 K4-ME 9-RESIDUE PEPTIDE	P61964	WD REPEAT-CONTAINING PROTEIN 5	WD40	H3	9	9
A8K4Y7	HISTONE H3 K4-ME2 9-RESIDUE PEPTIDE	P61964	WD REPEAT-CONTAINING PROTEIN 5	WD40	H3	1	1
A8K4Y7	HISTONE H3 K4-ME2 9-RESIDUE PEPTIDE	P61964	WD REPEAT-CONTAINING PROTEIN 5	WD40	H3	2	2
A8K4Y7	HISTONE H3 K4-ME2 9-RESIDUE PEPTIDE	P61964	WD REPEAT-CONTAINING PROTEIN 5	WD40	H3	3	3
A8K4Y7	HISTONE H3 K4-ME2 9-RESIDUE PEPTIDE	P61964	WD REPEAT-CONTAINING PROTEIN 5	WD40	H3	5	5
A8K4Y7	HISTONE H3 K4-ME2 9-RESIDUE PEPTIDE	P61964	WD REPEAT-CONTAINING PROTEIN 5	WD40	H3	6	6
A8K4Y7	HISTONE H3 K4-ME2 9-RESIDUE PEPTIDE	P61964	WD REPEAT-CONTAINING PROTEIN 5	WD40	H3	7	7
A8K4Y7	HISTONE H3 K4-ME2 9-RESIDUE PEPTIDE	P61964	WD REPEAT-CONTAINING PROTEIN 5	WD40	H3	8	8
A8K4Y7	HISTONE H3 K4-ME3 9-RESIDUE PEPTIDE	P61964	WD REPEAT-CONTAINING PROTEIN 5	WD40	H3	1	1
A8K4Y7	HISTONE H3 K4-ME3 9-RESIDUE PEPTIDE	P61964	WD REPEAT-CONTAINING PROTEIN 5	WD40	H3	2	2
A8K4Y7	HISTONE H3 K4-ME3 9-RESIDUE PEPTIDE	P61964	WD REPEAT-CONTAINING PROTEIN 5	WD40	H3	3	3
A8K4Y7	HISTONE H3 K4-ME3 9-RESIDUE PEPTIDE	P61964	WD REPEAT-CONTAINING PROTEIN 5	WD40	H3	5	5
A8K4Y7	HISTONE H3 K4-ME3 9-RESIDUE PEPTIDE	P61964	WD REPEAT-CONTAINING PROTEIN 5	WD40	H3	6	6
A8K4Y7	HISTONE H3 K4-ME3 9-RESIDUE PEPTIDE	P61964	WD REPEAT-CONTAINING PROTEIN 5	WD40	H3	7	7
A8K4Y7	HISTONE H3 LYS-4 DIMETHYLATED	P61964	WD REPEAT-CONTAINING PROTEIN 5	WD40	H3	1	1
A8K4Y7	HISTONE H3 LYS-4 DIMETHYLATED	P61964	WD REPEAT-CONTAINING PROTEIN 5	WD40	H3	2	2
A8K4Y7	HISTONE H3 LYS-4 DIMETHYLATED	P61964	WD REPEAT-CONTAINING PROTEIN 5	WD40	H3	3	3
A8K4Y7	HISTONE H3 LYS-4 DIMETHYLATED	P61964	WD REPEAT-CONTAINING PROTEIN 5	WD40	H3	5	5
A8K4Y7	HISTONE H3 PEPTIDE	Q96T88	E3 UBIQUITIN-PROTEIN LIGASE UHRF1	PHD_UHRF1	H3	1	1
A8K4Y7	HISTONE H3 PEPTIDE	Q96T88	E3 UBIQUITIN-PROTEIN LIGASE UHRF1	PHD_UHRF1	H3	2	2
A8K4Y7	HISTONE H3 PEPTIDE	Q96T88	E3 UBIQUITIN-PROTEIN LIGASE UHRF1	PHD_UHRF1	H3	3	3
A8K4Y7	HISTONE H3 PEPTIDE	Q96T88	E3 UBIQUITIN-PROTEIN LIGASE UHRF1	PHD_UHRF1	H3	4	4
A8K4Y7	HISTONE H3 PEPTIDE	Q96T88	E3 UBIQUITIN-PROTEIN LIGASE UHRF1	PHD_UHRF1	H3	5	5
A8K4Y7	HISTONE H3 PEPTIDE	Q96T88	E3 UBIQUITIN-PROTEIN LIGASE UHRF1	PHD_UHRF1	H3	7	7
A8K4Y7	HISTONE H3 PEPTIDE	Q96T88	E3 UBIQUITIN-PROTEIN LIGASE UHRF1	PHD_UHRF1	H3	8	8
A8K4Y7	HISTONE H3 TAIL	Q9Y3Y4	PYGOPUS HOMOLOG 1	PHD_PYGO1	H3	1	1
A8K4Y7	HISTONE H3 TAIL	Q9Y3Y4	PYGOPUS HOMOLOG 1	PHD_PYGO1	H3	2	2
A8K4Y7	HISTONE H3 TAIL	Q9Y3Y4	PYGOPUS HOMOLOG 1	PHD_PYGO1	H3	3	3
A8K4Y7	HISTONE H3 TAIL	Q9Y3Y4	PYGOPUS HOMOLOG 1	PHD_PYGO1	H3	5	5
A8K4Y7	HISTONE H3 TAIL	Q9Y3Y4	PYGOPUS HOMOLOG 1	PHD_PYGO1	H3	6	6
A8K4Y7	HISTONE H3(1-15)K4ME2 PEPTIDE	Q12830	NUCLEOSOME-REMODELING FACTOR SUBUNIT BPTF	PHD2_3_BPTF	H3	1	1
A8K4Y7	HISTONE H3(1-15)K4ME2 PEPTIDE	Q12830	NUCLEOSOME-REMODELING FACTOR SUBUNIT BPTF	PHD2_3_BPTF	H3	2	2
A8K4Y7	HISTONE H3(1-15)K4ME2 PEPTIDE	Q12830	NUCLEOSOME-REMODELING FACTOR SUBUNIT BPTF	PHD2_3_BPTF	H3	3	3
A8K4Y7	HISTONE H3(1-15)K4ME2 PEPTIDE	Q12830	NUCLEOSOME-REMODELING FACTOR SUBUNIT BPTF	PHD2_3_BPTF	H3	5	5
A8K4Y7	HISTONE H3(1-15)K4ME2 PEPTIDE	Q12830	NUCLEOSOME-REMODELING FACTOR SUBUNIT BPTF	PHD2_3_BPTF	H3	6	6
A8K4Y7	HISTONE H3(1-21)K4AC	Q6PL18	ATPASE FAMILY AAA DOMAIN-CONTAINING PROTEIN 2	BROMO_AAA	H3	10	10
A8K4Y7	HISTONE H3(1-21)K4AC	Q6PL18	ATPASE FAMILY AAA DOMAIN-CONTAINING PROTEIN 2	BROMO_AAA	H3	11	11
A8K4Y7	HISTONE H3, N-TERMINAL	Q12830	NUCLEOSOME-REMODELING FACTOR SUBUNIT BPTF	PHD2_3_BPTF	H3	1	1
A8K4Y7	HISTONE H3, N-TERMINAL	Q12830	NUCLEOSOME-REMODELING FACTOR SUBUNIT BPTF	PHD2_3_BPTF	H3	2	2
A8K4Y7	HISTONE H3, N-TERMINAL	Q12830	NUCLEOSOME-REMODELING FACTOR SUBUNIT BPTF	PHD2_3_BPTF	H3	3	3
A8K4Y7	HISTONE H3, N-TERMINAL	Q12830	NUCLEOSOME-REMODELING FACTOR SUBUNIT BPTF	PHD2_3_BPTF	H3	5	5
A8K4Y7	HISTONE H3, N-TERMINAL	Q12830	NUCLEOSOME-REMODELING FACTOR SUBUNIT BPTF	PHD2_3_BPTF	H3	6	6
A8K4Y7	HISTONE H3.1T	O75164	LYSINE-SPECIFIC DEMETHYLASE 4A	JMJC	H3	27	27
A8K4Y7	HISTONE H3.1T	O75164	LYSINE-SPECIFIC DEMETHYLASE 4A	JMJC	H3	29	29
A8K4Y7	HISTONE H3.1T	O75164	LYSINE-SPECIFIC DEMETHYLASE 4A	JMJC	H3	30	30
A8K4Y7	HISTONE PEPTIDE H3(1-15)K4ME3Q5SER	Q5VWG9	TRANSCRIPTION INITIATION FACTOR TFIID SUBUNIT 3	PHD_TAF3	H3	1	1
A8K4Y7	HISTONE PEPTIDE H3(1-15)K4ME3Q5SER	Q5VWG9	TRANSCRIPTION INITIATION FACTOR TFIID SUBUNIT 3	PHD_TAF3	H3	2	2
A8K4Y7	HISTONE PEPTIDE H3(1-15)K4ME3Q5SER	Q5VWG9	TRANSCRIPTION INITIATION FACTOR TFIID SUBUNIT 3	PHD_TAF3	H3	3	3
A8K4Y7	HISTONE PEPTIDE H3(1-15)K4ME3Q5SER	Q5VWG9	TRANSCRIPTION INITIATION FACTOR TFIID SUBUNIT 3	PHD_TAF3	H3	5	5
A8K4Y7	HISTONE PEPTIDE H3(1-15)K4ME3Q5SER	Q5VWG9	TRANSCRIPTION INITIATION FACTOR TFIID SUBUNIT 3	PHD_TAF3	H3	6	6
A8K4Y7	HISTONE PEPTIDE H3(1-15)K4ME3Q5SER	Q5VWG9	TRANSCRIPTION INITIATION FACTOR TFIID SUBUNIT 3	PHD_TAF3	H3	7	7
A8K4Y7	MONO-METHYLATED H3K9 PEPTIDE	Q9H9B1	HISTONE-LYSINE N-METHYLTRANSFERASE EHMT1	SET	H3	10	10
A8K4Y7	MONO-METHYLATED H3K9 PEPTIDE	Q9H9B1	HISTONE-LYSINE N-METHYLTRANSFERASE EHMT1	SET	H3	11	11
A8K4Y7	MONO-METHYLATED H3K9 PEPTIDE	Q9H9B1	HISTONE-LYSINE N-METHYLTRANSFERASE EHMT1	SET	H3	4	4
A8K4Y7	MONO-METHYLATED H3K9 PEPTIDE	Q9H9B1	HISTONE-LYSINE N-METHYLTRANSFERASE EHMT1	SET	H3	5	5
A8K4Y7	MONO-METHYLATED H3K9 PEPTIDE	Q9H9B1	HISTONE-LYSINE N-METHYLTRANSFERASE EHMT1	SET	H3	6	6
A8K4Y7	MONO-METHYLATED H3K9 PEPTIDE	Q9H9B1	HISTONE-LYSINE N-METHYLTRANSFERASE EHMT1	SET	H3	7	7
A8K4Y7	MONO-METHYLATED H3K9 PEPTIDE	Q9H9B1	HISTONE-LYSINE N-METHYLTRANSFERASE EHMT1	SET	H3	8	8
A8K4Y7	N-TERMINAL FRAGMENT OF HISTONE H3	O15392	BACULOVIRAL IAP REPEAT-CONTAINING PROTEIN 5	BIR	H3	1	1
A8K4Y7	N-TERMINAL FRAGMENT OF HISTONE H3	O15392	BACULOVIRAL IAP REPEAT-CONTAINING PROTEIN 5	BIR	H3	2	2
A8K4Y7	N-TERMINAL FRAGMENT OF HISTONE H3	O15392	BACULOVIRAL IAP REPEAT-CONTAINING PROTEIN 5	BIR	H3	4	4
A8K4Y7	N-TERMINAL FRAGMENT OF HISTONE H3	O15392	BACULOVIRAL IAP REPEAT-CONTAINING PROTEIN 5	BIR	H3	5	5
A8K4Y7	PEPTIDE	O95931	CHROMOBOX PROTEIN HOMOLOG 7	CD_Cbx7	H3	23	23
A8K4Y7	PEPTIDE	O95931	CHROMOBOX PROTEIN HOMOLOG 7	CD_Cbx7	H3	24	24
A8K4Y7	PEPTIDE	O95931	CHROMOBOX PROTEIN HOMOLOG 7	CD_Cbx7	H3	25	25
A8K4Y7	PEPTIDE	O95931	CHROMOBOX PROTEIN HOMOLOG 7	CD_Cbx7	H3	26	26
A8K4Y7	PEPTIDE	O95931	CHROMOBOX PROTEIN HOMOLOG 7	CD_Cbx7	H3	27	27
A8K4Y7	PEPTIDE	O95931	CHROMOBOX PROTEIN HOMOLOG 7	CD_Cbx7	H3	28	28
O75367	CORE HISTONE MACRO-H2A.1	O43791	SPECKLE-TYPE POZ PROTEIN	MATH_SPOP	H2A	169	175
O75367	CORE HISTONE MACRO-H2A.1	O43791	SPECKLE-TYPE POZ PROTEIN	MATH_SPOP	H2A	170	176
O75367	CORE HISTONE MACRO-H2A.1	O43791	SPECKLE-TYPE POZ PROTEIN	MATH_SPOP	H2A	171	177
O75367	CORE HISTONE MACRO-H2A.1	O43791	SPECKLE-TYPE POZ PROTEIN	MATH_SPOP	H2A	172	178
O75367	CORE HISTONE MACRO-H2A.1	O43791	SPECKLE-TYPE POZ PROTEIN	MATH_SPOP	H2A	173	179
O75367	CORE HISTONE MACRO-H2A.1	O43791	SPECKLE-TYPE POZ PROTEIN	MATH_SPOP	H2A	174	180
O75367	CORE HISTONE MACRO-H2A.1	O43791	SPECKLE-TYPE POZ PROTEIN	MATH_SPOP	H2A	175	181
O75367	CORE HISTONE MACRO-H2A.1	O43791	SPECKLE-TYPE POZ PROTEIN	MATH_SPOP	H2A	176	182
O75367	CORE HISTONE MACRO-H2A.1	O43791	SPECKLE-TYPE POZ PROTEIN	MATH_SPOP	H2A	177	183
O75367	CORE HISTONE MACRO-H2A.1	O43791	SPECKLE-TYPE POZ PROTEIN	MATH_SPOP	H2A	178	184
O75367	CORE HISTONE MACRO-H2A.1	O43791	SPECKLE-TYPE POZ PROTEIN	MATH_SPOP	H2A	179	185
P04908			E3 UBIQUITIN-PROTEIN LIGASE RNF169		H2A	13	15
P04908			E3 UBIQUITIN-PROTEIN LIGASE RNF169		H2A	24	26
P04908			E3 UBIQUITIN-PROTEIN LIGASE RNF169		H2A	56	59
P04908			E3 UBIQUITIN-PROTEIN LIGASE RNF169		H2A	57	60
P04908			E3 UBIQUITIN-PROTEIN LIGASE RNF169		H2A	60	63
P04908			E3 UBIQUITIN-PROTEIN LIGASE RNF169		H2A	61	64
P04908			E3 UBIQUITIN-PROTEIN LIGASE RNF169		H2A	64	67
P04908			E3 UBIQUITIN-PROTEIN LIGASE RNF169		H2A	65	68
P04908			E3 UBIQUITIN-PROTEIN LIGASE RNF169		H2A	90	93
P04908			E3 UBIQUITIN-PROTEIN LIGASE RNF169		H2A	92	95
P04908			POLYUBIQUITIN-B		H2A	13	15
P04908			POLYUBIQUITIN-B		H2A	20	22
P06899	P04908:#HISTONE H2A TYPE 1-B/E#P06899:#HISTONE H2B TYPE 1-J	P0CG47	POLYUBIQUITIN-B	UBL_UBIQUITIN	H2B	44	45
P06899	P04908:#HISTONE H2A TYPE 1-B/E#P06899:#HISTONE H2B TYPE 1-J	P0CG47	POLYUBIQUITIN-B	UBL_UBIQUITIN	H2B	47	48
P0C0S8	HISTONE H2A TYPE 1	P0CG47	POLYUBIQUITIN-B	UBL_UBIQUITIN	H2A	16	18
P0C0S8	HISTONE H2A TYPE 1	P0CG47	POLYUBIQUITIN-B	UBL_UBIQUITIN	H2A	20	22
P0C0S8	HISTONE H2A TYPE 1	P0CG47	POLYUBIQUITIN-B	UBL_UBIQUITIN	H2A	21	23
P0C0S8	HISTONE H2A TYPE 1	P55201	PEREGRIN	BROMO_BRD1_LIKE	H2A	10	12
P0C0S8	HISTONE H2A TYPE 1	P55201	PEREGRIN	BROMO_BRD1_LIKE	H2A	11	13
P0C0S8	HISTONE H2A TYPE 1	P55201	PEREGRIN	BROMO_BRD1_LIKE	H2A	2	2
P0C0S8	HISTONE H2A TYPE 1	P55201	PEREGRIN	BROMO_BRD1_LIKE	H2A	3	3
P0C0S8	HISTONE H2A TYPE 1	P55201	PEREGRIN	BROMO_BRD1_LIKE	H2A	4	6
P0C0S8	HISTONE H2A TYPE 1	P55201	PEREGRIN	BROMO_BRD1_LIKE	H2A	5	7
P0C0S8	HISTONE H2A TYPE 1	P55201	PEREGRIN	BROMO_BRD1_LIKE	H2A	7	9
P0C0S8	HISTONE H2A TYPE 1	P55201	PEREGRIN	BROMO_BRD1_LIKE	H2A	8	10
P0C0S8	HISTONE H2A TYPE 1	P55201	PEREGRIN	BROMO_BRD1_LIKE	H2A	9	11
P10412	HISTONE H1.4	O75164	LYSINE-SPECIFIC DEMETHYLASE 4A	JMJC	H1	25	28
P10412	HISTONE H1.4	O75164	LYSINE-SPECIFIC DEMETHYLASE 4A	JMJC	H1	27	30
P10412	HISTONE H1.4	O75164	LYSINE-SPECIFIC DEMETHYLASE 4A	JMJC	H1	28	34
P10412	HISTONE H1.4	O75164	LYSINE-SPECIFIC DEMETHYLASE 4A	JMJC	H1	29	35
P10412	HISTONE H1.4	Q13185	CHROMOBOX PROTEIN HOMOLOG 3	CD_HP1GAMMA_CBX3	H1	19	22
P10412	HISTONE H1.4	Q13185	CHROMOBOX PROTEIN HOMOLOG 3	CD_HP1GAMMA_CBX3	H1	20	23
P10412	HISTONE H1.4	Q13185	CHROMOBOX PROTEIN HOMOLOG 3	CD_HP1GAMMA_CBX3	H1	21	24
P10412	HISTONE H1.4	Q13185	CHROMOBOX PROTEIN HOMOLOG 3	CD_HP1GAMMA_CBX3	H1	22	25
P10412	HISTONE H1.4	Q13185	CHROMOBOX PROTEIN HOMOLOG 3	CD_HP1GAMMA_CBX3	H1	23	26
P10412	HISTONE H1.4	Q13185	CHROMOBOX PROTEIN HOMOLOG 3	CD_HP1GAMMA_CBX3	H1	24	27
P10412	HISTONE H1.4	Q13185	CHROMOBOX PROTEIN HOMOLOG 3	CD_HP1GAMMA_CBX3	H1	25	28
P10412	HISTONE H1.4	Q13185	CHROMOBOX PROTEIN HOMOLOG 3	CD_HP1GAMMA_CBX3	H1	27	30
P16104	HISTONE H2AX	Q14676	MEDIATOR OF DNA DAMAGE CHECKPOINT PROTEIN 1	BRCT_MDC1_RPT1	H2A	140	164
P16104	HISTONE H2AX	Q14676	MEDIATOR OF DNA DAMAGE CHECKPOINT PROTEIN 1	BRCT_MDC1_RPT1	H2A	141	165
P16104	HISTONE H2AX	Q14676	MEDIATOR OF DNA DAMAGE CHECKPOINT PROTEIN 1	BRCT_MDC1_RPT1	H2A	142	166
P16104	HISTONE H2AX	Q14676	MEDIATOR OF DNA DAMAGE CHECKPOINT PROTEIN 1	BRCT_MDC1_RPT2	H2A	142	166
P16104	HISTONE H2AX	Q6ZW49	PAX-INTERACTING PROTEIN 1	BRCT_PAXIP1_RPT5	H2A	138	162
P16104	HISTONE H2AX	Q6ZW49	PAX-INTERACTING PROTEIN 1	BRCT_PAXIP1_RPT5	H2A	141	165
P16104	HISTONE H2AX	Q6ZW49	PAX-INTERACTING PROTEIN 1	BRCT_PAXIP1_RPT5	H2A	142	166
P16104	HISTONE H2AX	Q6ZW49	PAX-INTERACTING PROTEIN 1	BRCT_PAXIP1_RPT5	H2A	143	167
P16104	HISTONE H2AX	Q6ZW49	PAX-INTERACTING PROTEIN 1	BRCT_PAXIP1_RPT6	H2A	143	167
P16104	Histone H2AX	Q8NEM0	Microcephalin	BRCT	H2A	141	165
P16104	Histone H2AX	Q8NEM0	Microcephalin	BRCT	H2A	142	166
P16104	Histone H2AX	Q8NEM0	Microcephalin	BRCT	H2A	143	167
P16104	Histone H2AX	Q8NEM0	Microcephalin	BRCT	H2A	2	2
P16104	Histone H2AX	Q8NEM0	Microcephalin	BRCT	H2A	3	3
P16401	HISTONE H1.5	Q9Y468	LETHAL(3)MALIGNANT BRAIN TUMOR-LIKE PROTEIN 1	MBT	H1	25	28
P16401	HISTONE H1.5	Q9Y468	LETHAL(3)MALIGNANT BRAIN TUMOR-LIKE PROTEIN 1	MBT	H1	26	29
P49450	HISTONE H3-LIKE CENTROMERIC PROTEIN A	Q96H22	CENTROMERE PROTEIN N	CENP-N	H3	79	81
P49450	HISTONE H3-LIKE CENTROMERIC PROTEIN A	Q96H22	CENTROMERE PROTEIN N	CENP-N	H3	80	82
P49450	HISTONE H3-LIKE CENTROMERIC PROTEIN A	Q96H22	CENTROMERE PROTEIN N	CENP-N	H3	81	83
P49450	HISTONE H3-LIKE CENTROMERIC PROTEIN A	Q96H22	CENTROMERE PROTEIN N	CENP-N	H3	82	84
P49450	HISTONE H3-LIKE CENTROMERIC PROTEIN A	Q96H22	CENTROMERE PROTEIN N	CENP-N	H3	83	85
P49450	HISTONE H3-LIKE CENTROMERIC PROTEIN A	Q96H22	P0AEY0:#MALTOSE/MALTODEXTRIN-BINDING PERIPLASMIC PROTEIN#Q96H22:#CENTROMERE PROTEIN N	CENP-N	H3	79	81
P49450	HISTONE H3-LIKE CENTROMERIC PROTEIN A	Q96H22	P0AEY0:#MALTOSE/MALTODEXTRIN-BINDING PERIPLASMIC PROTEIN#Q96H22:#CENTROMERE PROTEIN N	CENP-N	H3	80	82
P49450	HISTONE H3-LIKE CENTROMERIC PROTEIN A	Q96H22	P0AEY0:#MALTOSE/MALTODEXTRIN-BINDING PERIPLASMIC PROTEIN#Q96H22:#CENTROMERE PROTEIN N	CENP-N	H3	82	84
P49450	HISTONE H3-LIKE CENTROMERIC PROTEIN A	Q9BV86	N-TERMINAL XAA-PRO-LYS N-METHYLTRANSFERASE 1	METHYLTRANSF_PK	H3	3	3
P49450	HISTONE H3-LIKE CENTROMERIC PROTEIN A	Q9BV86	N-TERMINAL XAA-PRO-LYS N-METHYLTRANSFERASE 1	METHYLTRANSF_PK	H3	4	4
P49450	HISTONE H3-LIKE CENTROMERIC PROTEIN A	Q9BV86	N-TERMINAL XAA-PRO-LYS N-METHYLTRANSFERASE 1	METHYLTRANSF_PK	H3	5	5
P49450	HISTONE H3-LIKE CENTROMERIC PROTEIN A	Q9BV86	N-TERMINAL XAA-PRO-LYS N-METHYLTRANSFERASE 1	METHYLTRANSF_PK	H3	6	6
P49450	HISTONE H3-LIKE CENTROMERIC PROTEIN A	Q9BV86	N-TERMINAL XAA-PRO-LYS N-METHYLTRANSFERASE 1	METHYLTRANSF_PK	H3	7	7
P62805	DIACETYLATED HISTONE 4 PEPTIDE (H4K8ACK12AC)	Q9UIF8	BROMODOMAIN ADJACENT TO ZINC FINGER DOMAIN PROTEIN 2B	BROMO_BAZ2A_B_LIKE	H4	10	10
P62805	DIACETYLATED HISTONE 4 PEPTIDE (H4K8ACK12AC)	Q9UIF8	BROMODOMAIN ADJACENT TO ZINC FINGER DOMAIN PROTEIN 2B	BROMO_BAZ2A_B_LIKE	H4	11	11
P62805	HISTONE H4	O14744	PROTEIN ARGININE N-METHYLTRANSFERASE 5	PRMT5	H4	2	2
P62805	HISTONE H4	O14744	PROTEIN ARGININE N-METHYLTRANSFERASE 5	PRMT5	H4	3	3
P62805	HISTONE H4	O14744	PROTEIN ARGININE N-METHYLTRANSFERASE 5	PRMT5	H4	4	4
P62805	HISTONE H4	O14744	PROTEIN ARGININE N-METHYLTRANSFERASE 5	PRMT5	H4	5	5
P62805	HISTONE H4	O14744	PROTEIN ARGININE N-METHYLTRANSFERASE 5	PRMT5	H4	6	6
P62805	HISTONE H4	O14744	PROTEIN ARGININE N-METHYLTRANSFERASE 5	PRMT5	H4	7	7
P62805	HISTONE H4	O14744	PROTEIN ARGININE N-METHYLTRANSFERASE 5	PRMT5	H4	8	8
P62805	HISTONE H4	O14744	PROTEIN ARGININE N-METHYLTRANSFERASE 5	PRMT5	H4	9	9
P62805	HISTONE H4	O14744	PROTEIN ARGININE N-METHYLTRANSFERASE 5	PRMT5_C	H4	2	2
P62805	HISTONE H4	O14744	PROTEIN ARGININE N-METHYLTRANSFERASE 5	PRMT5_C	H4	3	3
P62805	HISTONE H4	O14744	PROTEIN ARGININE N-METHYLTRANSFERASE 5	PRMT5_C	H4	4	4
P62805	HISTONE H4	O14744	PROTEIN ARGININE N-METHYLTRANSFERASE 5	PRMT5_C	H4	5	5
P62805	HISTONE H4	O15164	TRANSCRIPTION INTERMEDIARY FACTOR 1-ALPHA	BROMO_TIF1_LIKE	H4	15	15
P62805	HISTONE H4	O15164	TRANSCRIPTION INTERMEDIARY FACTOR 1-ALPHA	BROMO_TIF1_LIKE	H4	16	16
P62805	HISTONE H4	O60885	BROMODOMAIN-CONTAINING PROTEIN 4	BROMO_BRDT_I_LIKE	H4	10	10
P62805	HISTONE H4	O60885	BROMODOMAIN-CONTAINING PROTEIN 4	BROMO_BRDT_I_LIKE	H4	11	11
P62805	HISTONE H4	O60885	BROMODOMAIN-CONTAINING PROTEIN 4	BROMO_BRDT_I_LIKE	H4	12	12
P62805	HISTONE H4	O60885	BROMODOMAIN-CONTAINING PROTEIN 4	BROMO_BRDT_I_LIKE	H4	13	13
P62805	HISTONE H4	O60885	BROMODOMAIN-CONTAINING PROTEIN 4	BROMO_BRDT_I_LIKE	H4	14	14
P62805	HISTONE H4	O60885	BROMODOMAIN-CONTAINING PROTEIN 4	BROMO_BRDT_I_LIKE	H4	15	15
P62805	HISTONE H4	O60885	BROMODOMAIN-CONTAINING PROTEIN 4	BROMO_BRDT_I_LIKE	H4	16	16
P62805	HISTONE H4	O60885	BROMODOMAIN-CONTAINING PROTEIN 4	BROMO_BRDT_I_LIKE	H4	17	17
P62805	HISTONE H4	O60885	BROMODOMAIN-CONTAINING PROTEIN 4	BROMO_BRDT_I_LIKE	H4	18	18
P62805	HISTONE H4	O60885	BROMODOMAIN-CONTAINING PROTEIN 4	BROMO_BRDT_I_LIKE	H4	19	19
P62805	HISTONE H4	O60885	BROMODOMAIN-CONTAINING PROTEIN 4	BROMO_BRDT_I_LIKE	H4	2	2
P62805	HISTONE H4	O60885	BROMODOMAIN-CONTAINING PROTEIN 4	BROMO_BRDT_I_LIKE	H4	20	20
P62805	HISTONE H4	O60885	BROMODOMAIN-CONTAINING PROTEIN 4	BROMO_BRDT_I_LIKE	H4	22	22
P62805	HISTONE H4	O60885	BROMODOMAIN-CONTAINING PROTEIN 4	BROMO_BRDT_I_LIKE	H4	3	3
P62805	HISTONE H4	O60885	BROMODOMAIN-CONTAINING PROTEIN 4	BROMO_BRDT_I_LIKE	H4	4	4
P62805	HISTONE H4	O60885	BROMODOMAIN-CONTAINING PROTEIN 4	BROMO_BRDT_I_LIKE	H4	5	5
P62805	HISTONE H4	O60885	BROMODOMAIN-CONTAINING PROTEIN 4	BROMO_BRDT_I_LIKE	H4	7	7
P62805	HISTONE H4	O60885	BROMODOMAIN-CONTAINING PROTEIN 4	BROMO_BRDT_I_LIKE	H4	8	8
P62805	HISTONE H4	O75164	LYSINE-SPECIFIC DEMETHYLASE 4A	JMJC	H4	2	2
P62805	HISTONE H4	O75164	LYSINE-SPECIFIC DEMETHYLASE 4A	JMJC	H4	3	3
P62805	HISTONE H4	O75164	LYSINE-SPECIFIC DEMETHYLASE 4A	TUDOR	H4	17	17
P62805	HISTONE H4	O75164	LYSINE-SPECIFIC DEMETHYLASE 4A	TUDOR	H4	18	18
P62805	HISTONE H4	O75164	LYSINE-SPECIFIC DEMETHYLASE 4A	TUDOR	H4	19	19
P62805	HISTONE H4	O75164	LYSINE-SPECIFIC DEMETHYLASE 4A	TUDOR	H4	21	21
P62805	HISTONE H4	O75164	LYSINE-SPECIFIC DEMETHYLASE 4A	TUDOR	H4	22	22
P62805	HISTONE H4	O75164	LYSINE-SPECIFIC DEMETHYLASE 4A	TUDOR	H4	23	23
P62805	HISTONE H4	P21675	TRANSCRIPTION INITIATION FACTOR TFIID SUBUNIT 1	BROMO_TFIID	H4	10	10
P62805	HISTONE H4	P21675	TRANSCRIPTION INITIATION FACTOR TFIID SUBUNIT 1	BROMO_TFIID	H4	11	11
P62805	HISTONE H4	P21675	TRANSCRIPTION INITIATION FACTOR TFIID SUBUNIT 1	BROMO_TFIID	H4	12	12
P62805	HISTONE H4	P21675	TRANSCRIPTION INITIATION FACTOR TFIID SUBUNIT 1	BROMO_TFIID	H4	2	2
P62805	HISTONE H4	P21675	TRANSCRIPTION INITIATION FACTOR TFIID SUBUNIT 1	BROMO_TFIID	H4	3	3
P62805	HISTONE H4	P21675	TRANSCRIPTION INITIATION FACTOR TFIID SUBUNIT 1	BROMO_TFIID	H4	4	4
P62805	HISTONE H4	P21675	TRANSCRIPTION INITIATION FACTOR TFIID SUBUNIT 1	BROMO_TFIID	H4	5	5
P62805	HISTONE H4	P21675	TRANSCRIPTION INITIATION FACTOR TFIID SUBUNIT 1	BROMO_TFIID	H4	7	7
P62805	HISTONE H4	P21675	TRANSCRIPTION INITIATION FACTOR TFIID SUBUNIT 1	BROMO_TFIID	H4	8	8
P62805	HISTONE H4	P55201	PEREGRIN	BROMO_BRD1_LIKE	H4	10	10
P62805	HISTONE H4	P55201	PEREGRIN	BROMO_BRD1_LIKE	H4	11	11
P62805	HISTONE H4	P55201	PEREGRIN	BROMO_BRD1_LIKE	H4	12	12
P62805	HISTONE H4	P55201	PEREGRIN	BROMO_BRD1_LIKE	H4	14	14
P62805	HISTONE H4	P55201	PEREGRIN	BROMO_BRD1_LIKE	H4	2	2
P62805	HISTONE H4	P55201	PEREGRIN	BROMO_BRD1_LIKE	H4	3	3
P62805	HISTONE H4	P55201	PEREGRIN	BROMO_BRD1_LIKE	H4	4	4
P62805	HISTONE H4	P55201	PEREGRIN	BROMO_BRD1_LIKE	H4	5	5
P62805	HISTONE H4	P55201	PEREGRIN	BROMO_BRD1_LIKE	H4	7	7
P62805	HISTONE H4	P55201	PEREGRIN	BROMO_BRD1_LIKE	H4	8	8
P62805	HISTONE H4	P55201	PEREGRIN	BROMO_BRD1_LIKE	H4	9	9
P62805	HISTONE H4	Q16576	HISTONE-BINDING PROTEIN RBBP7	CAF1C_H4-BD	H4	29	29
P62805	HISTONE H4	Q16576	HISTONE-BINDING PROTEIN RBBP7	CAF1C_H4-BD	H4	30	30
P62805	HISTONE H4	Q16576	HISTONE-BINDING PROTEIN RBBP7	CAF1C_H4-BD	H4	35	35
P62805	HISTONE H4	Q16576	HISTONE-BINDING PROTEIN RBBP7	CAF1C_H4-BD	H4	38	38
P62805	HISTONE H4	Q16576	HISTONE-BINDING PROTEIN RBBP7	CAF1C_H4-BD	H4	39	39
P62805	HISTONE H4	Q16576	HISTONE-BINDING PROTEIN RBBP7	CAF1C_H4-BD	H4	42	42
P62805	HISTONE H4	Q6PL18	ATPASE FAMILY AAA DOMAIN-CONTAINING PROTEIN 2	BROMO_AAA	H4	1	1
P62805	HISTONE H4	Q6PL18	ATPASE FAMILY AAA DOMAIN-CONTAINING PROTEIN 2	BROMO_AAA	H4	2	2
P62805	HISTONE H4	Q6PL18	ATPASE FAMILY AAA DOMAIN-CONTAINING PROTEIN 2	BROMO_AAA	H4	4	4
P62805	HISTONE H4	Q6PL18	ATPASE FAMILY AAA DOMAIN-CONTAINING PROTEIN 2	BROMO_AAA	H4	5	5
P62805	HISTONE H4	Q6PL18	ATPASE FAMILY AAA DOMAIN-CONTAINING PROTEIN 2	BROMO_AAA	H4	7	7
P62805	HISTONE H4	Q6PL18	ATPASE FAMILY AAA DOMAIN-CONTAINING PROTEIN 2	BROMO_AAA	H4	8	8
P62805	HISTONE H4	Q6PL18	ATPASE FAMILY AAA DOMAIN-CONTAINING PROTEIN 2	BROMO_AAA	H4	9	9
P62805	HISTONE H4	Q7Z4V5	HEPATOMA-DERIVED GROWTH FACTOR-RELATED PROTEIN 2	HDGF_RELATED	H4	18	18
P62805	HISTONE H4	Q7Z4V5	HEPATOMA-DERIVED GROWTH FACTOR-RELATED PROTEIN 2	HDGF_RELATED	H4	19	19
P62805	HISTONE H4	Q92784	ZINC FINGER PROTEIN DPF3	PHD2_D4	H4	10	10
P62805	HISTONE H4	Q92784	ZINC FINGER PROTEIN DPF3	PHD2_D4	H4	11	11
P62805	HISTONE H4	Q92784	ZINC FINGER PROTEIN DPF3	PHD2_D4	H4	12	12
P62805	HISTONE H4	Q92784	ZINC FINGER PROTEIN DPF3	PHD2_D4	H4	16	16
P62805	HISTONE H4	Q92784	ZINC FINGER PROTEIN DPF3	PHD2_D4	H4	17	17
P62805	HISTONE H4	Q92784	ZINC FINGER PROTEIN DPF3	PHD2_D4	H4	18	18
P62805	HISTONE H4	Q92784	ZINC FINGER PROTEIN DPF3	PHD2_D4	H4	19	19
P62805	HISTONE H4	Q92784	ZINC FINGER PROTEIN DPF3	PHD2_D4	H4	20	20
P62805	HISTONE H4	Q92784	ZINC FINGER PROTEIN DPF3	PHD2_D4	H4	9	9
P62805	HISTONE H4	Q92793	CREB-BINDING PROTEIN	BROMO_CBP_LIKE	H4	10	10
P62805	HISTONE H4	Q92793	CREB-BINDING PROTEIN	BROMO_CBP_LIKE	H4	11	11
P62805	HISTONE H4	Q92793	CREB-BINDING PROTEIN	BROMO_CBP_LIKE	H4	17	17
P62805	HISTONE H4	Q92793	CREB-BINDING PROTEIN	BROMO_CBP_LIKE	H4	18	18
P62805	HISTONE H4	Q92793	CREB-BINDING PROTEIN	BROMO_CBP_LIKE	H4	19	19
P62805	HISTONE H4	Q92793	CREB-BINDING PROTEIN	BROMO_CBP_LIKE	H4	21	21
P62805	HISTONE H4	Q92793	CREB-BINDING PROTEIN	BROMO_CBP_LIKE	H4	7	7
P62805	HISTONE H4	Q92793	CREB-BINDING PROTEIN	BROMO_CBP_LIKE	H4	8	8
P62805	HISTONE H4	Q92793	CREB-BINDING PROTEIN	BROMO_CBP_LIKE	H4	9	9
P62805	HISTONE H4	Q96H22	CENTROMERE PROTEIN N	CENP-N	H4	24	24
P62805	HISTONE H4	Q96H22	CENTROMERE PROTEIN N	CENP-N	H4	75	75
P62805	HISTONE H4	Q96H22	CENTROMERE PROTEIN N	CENP-N	H4	78	78
P62805	HISTONE H4	Q96H22	CENTROMERE PROTEIN N	CENP-N	H4	80	80
P62805	HISTONE H4	Q9NQR1	N-LYSINE METHYLTRANSFERASE KMT5A	SET	H4	16	16
P62805	HISTONE H4	Q9NQR1	N-LYSINE METHYLTRANSFERASE KMT5A	SET	H4	17	17
P62805	HISTONE H4	Q9NQR1	N-LYSINE METHYLTRANSFERASE KMT5A	SET	H4	18	18
P62805	HISTONE H4	Q9NQR1	N-LYSINE METHYLTRANSFERASE KMT5A	SET	H4	19	19
P62805	HISTONE H4	Q9NQR1	N-LYSINE METHYLTRANSFERASE KMT5A	SET	H4	20	20
P62805	HISTONE H4	Q9NQR1	N-LYSINE METHYLTRANSFERASE KMT5A	SET	H4	21	21
P62805	HISTONE H4	Q9NQR1	N-LYSINE METHYLTRANSFERASE KMT5A	SET	H4	22	22
P62805	HISTONE H4	Q9NQR1	N-LYSINE METHYLTRANSFERASE KMT5A	SET	H4	23	23
P62805	HISTONE H4	Q9NQR1	N-LYSINE METHYLTRANSFERASE KMT5A	SET	H4	24	24
P62805	HISTONE H4	Q9Y468	LETHAL(3)MALIGNANT BRAIN TUMOR-LIKE PROTEIN 1	MBT	H4	10	10
P62805	HISTONE H4	Q9Y468	LETHAL(3)MALIGNANT BRAIN TUMOR-LIKE PROTEIN 1	MBT	H4	18	18
P62805	HISTONE H4	Q9Y468	LETHAL(3)MALIGNANT BRAIN TUMOR-LIKE PROTEIN 1	MBT	H4	19	19
P62805	HISTONE H4	Q9Y468	LETHAL(3)MALIGNANT BRAIN TUMOR-LIKE PROTEIN 1	MBT	H4	8	8
P62805	HISTONE H4	Q9Y5B9	FACT COMPLEX SUBUNIT SPT16	RTT106	H4	40	40
P62805	HISTONE H4	Q9Y5B9	FACT COMPLEX SUBUNIT SPT16	RTT106	H4	41	41
P62805	HISTONE H4	Q9Y5B9	FACT COMPLEX SUBUNIT SPT16	RTT106	H4	42	42
P62805	HISTONE H4	Q9Y5B9	FACT COMPLEX SUBUNIT SPT16	RTT106	H4	43	43
P62805	HISTONE H4	Q9Y5B9	FACT COMPLEX SUBUNIT SPT16	RTT106	H4	45	45
P62805	HISTONE H4 PEPTIDE WITH SEQUENCE GLY-ALA-LYS(AC)-ARG-HIS-ARG-LYS(AC)-VAL-LEU	Q9UIF9	BROMODOMAIN ADJACENT TO ZINC FINGER DOMAIN PROTEIN 2A	BROMO_BAZ2A_B_LIKE	H4	17	17
P62805	HISTONE H4 PEPTIDE WITH SEQUENCE GLY-ALA-LYS(AC)-ARG-HIS-ARG-LYS(AC)-VAL-LEU	Q9UIF9	BROMODOMAIN ADJACENT TO ZINC FINGER DOMAIN PROTEIN 2A	BROMO_BAZ2A_B_LIKE	H4	18	18
P62805	HISTONE H4 PEPTIDE WITH SEQUENCE GLY-ALA-LYS(AC)-ARG-HIS-ARG-LYS(AC)-VAL-LEU	Q9UIF9	BROMODOMAIN ADJACENT TO ZINC FINGER DOMAIN PROTEIN 2A	BROMO_BAZ2A_B_LIKE	H4	19	19
P62805	HISTONE H4 PEPTIDE WITH SEQUENCE GLY-ALA-LYS(AC)-ARG-HIS-ARG-LYS(AC)-VAL-LEU	Q9UIF9	BROMODOMAIN ADJACENT TO ZINC FINGER DOMAIN PROTEIN 2A	BROMO_BAZ2A_B_LIKE	H4	21	21
P62805	HISTONE H4 PEPTIDE WITH SEQUENCE GLY-ALA-LYS(AC)-ARG-HIS-ARG-LYS(AC)-VAL-LEU	Q9UIF9	BROMODOMAIN ADJACENT TO ZINC FINGER DOMAIN PROTEIN 2A	BROMO_BAZ2A_B_LIKE	H4	22	22
P62805	HISTONE H4K5AC	Q6PL18	ATPASE FAMILY AAA DOMAIN-CONTAINING PROTEIN 2	BROMO_AAA	H4	1	1
P62805	HISTONE H4K5AC	Q6PL18	ATPASE FAMILY AAA DOMAIN-CONTAINING PROTEIN 2	BROMO_AAA	H4	2	2
P62805	HISTONE H4K5AC	Q6PL18	ATPASE FAMILY AAA DOMAIN-CONTAINING PROTEIN 2	BROMO_AAA	H4	3	3
P62805	HISTONE H4K5AC	Q6PL18	ATPASE FAMILY AAA DOMAIN-CONTAINING PROTEIN 2	BROMO_AAA	H4	4	4
P62805	HISTONE PEPTIDE H4	O14929	HISTONE ACETYLTRANSFERASE TYPE B CATALYTIC SUBUNIT	HAT1_N	H4	12	12
P62805	HISTONE PEPTIDE H4	O14929	HISTONE ACETYLTRANSFERASE TYPE B CATALYTIC SUBUNIT	HAT1_N	H4	14	14
P62805	HISTONE PEPTIDE H4	O14929	HISTONE ACETYLTRANSFERASE TYPE B CATALYTIC SUBUNIT	HAT1_N	H4	15	15
P62805	HISTONE PEPTIDE H4	O14929	HISTONE ACETYLTRANSFERASE TYPE B CATALYTIC SUBUNIT	HAT1_N	H4	16	16
P62805	HISTONE PEPTIDE H4	O14929	HISTONE ACETYLTRANSFERASE TYPE B CATALYTIC SUBUNIT	HAT1_N	H4	17	17
P62805	HISTONE PEPTIDE H4	O14929	HISTONE ACETYLTRANSFERASE TYPE B CATALYTIC SUBUNIT	HAT1_N	H4	18	18
P62805	HISTONE PEPTIDE H4	O14929	HISTONE ACETYLTRANSFERASE TYPE B CATALYTIC SUBUNIT	HAT1_N	H4	19	19
P62807	HISTONE H2B TYPE 1-C/E/F/G/I	P0CG47	POLYUBIQUITIN-B	UBL_UBIQUITIN	H2B	117	118
P62807	HISTONE H2B TYPE 1-C/E/F/G/I	P0CG47	POLYUBIQUITIN-B	UBL_UBIQUITIN	H2B	120	121
P62807	HISTONE H2B TYPE 1-C/E/F/G/I	P0CG47	POLYUBIQUITIN-B	UBL_UBIQUITIN	H2B	121	122
P62807	HISTONE H2B TYPE 1-C/E/F/G/I	P0CG47	POLYUBIQUITIN-B	UBL_UBIQUITIN	H2B	124	125
P62807	HISTONE H2B TYPE 1-C/E/F/G/I	P0CG47	POLYUBIQUITIN-B	UBL_UBIQUITIN	H2B	125	126
P62807	HISTONE H2B TYPE 1-C/E/F/G/I	P0CG47	POLYUBIQUITIN-B	UBL_UBIQUITIN	H2B	126	127
P62807	HISTONE H2B TYPE 1-C/E/F/G/I	Q96H22	CENTROMERE PROTEIN N	CENP-N	H2B	123	124
P62807	HISTONE H2B TYPE 1-C/E/F/G/I	Q96H22	CENTROMERE PROTEIN N	CENP-N	H2B	93	94
P68431	HISTONE H3.1	O14646	CHROMODOMAIN-HELICASE-DNA-BINDING PROTEIN 1	CD1_TANDEM_CHD1-2_LIKE	H3	2	2
P68431	HISTONE H3.1	O14646	CHROMODOMAIN-HELICASE-DNA-BINDING PROTEIN 1	CD1_TANDEM_CHD1-2_LIKE	H3	3	3
P68431	HISTONE H3.1	O14646	CHROMODOMAIN-HELICASE-DNA-BINDING PROTEIN 1	CD1_TANDEM_CHD1-2_LIKE	H3	5	5
P68431	HISTONE H3.1	O14646	CHROMODOMAIN-HELICASE-DNA-BINDING PROTEIN 1	CD1_TANDEM_CHD1-2_LIKE	H3	6	6
P68431	HISTONE H3.1	O14646	CHROMODOMAIN-HELICASE-DNA-BINDING PROTEIN 1	CD2_TANDEM_CHD1-2_LIKE	H3	1	1
P68431	HISTONE H3.1	O14646	CHROMODOMAIN-HELICASE-DNA-BINDING PROTEIN 1	CD2_TANDEM_CHD1-2_LIKE	H3	2	2
P68431	HISTONE H3.1	O14646	CHROMODOMAIN-HELICASE-DNA-BINDING PROTEIN 1	CD2_TANDEM_CHD1-2_LIKE	H3	3	3
P68431	HISTONE H3.1	O14646	CHROMODOMAIN-HELICASE-DNA-BINDING PROTEIN 1	CD2_TANDEM_CHD1-2_LIKE	H3	5	5
P68431	HISTONE H3.1	O15054	LYSINE-SPECIFIC DEMETHYLASE 6B	JMJC	H3	24	24
P68431	HISTONE H3.1	O15054	LYSINE-SPECIFIC DEMETHYLASE 6B	JMJC	H3	25	25
P68431	HISTONE H3.1	O15054	LYSINE-SPECIFIC DEMETHYLASE 6B	JMJC	H3	26	26
P68431	HISTONE H3.1	O15054	LYSINE-SPECIFIC DEMETHYLASE 6B	JMJC	H3	27	27
P68431	HISTONE H3.1	O15054	LYSINE-SPECIFIC DEMETHYLASE 6B	JMJC	H3	28	28
P68431	HISTONE H3.1	O15054	LYSINE-SPECIFIC DEMETHYLASE 6B	JMJC	H3	29	29
P68431	HISTONE H3.1	O15054	LYSINE-SPECIFIC DEMETHYLASE 6B	JMJC	H3	30	30
P68431	HISTONE H3.1	O15054	LYSINE-SPECIFIC DEMETHYLASE 6B	JMJC	H3	31	31
P68431	HISTONE H3.1	O15054	LYSINE-SPECIFIC DEMETHYLASE 6B	JMJC	H3	32	32
P68431	HISTONE H3.1	O15164	TRANSCRIPTION INTERMEDIARY FACTOR 1-ALPHA	BROMO_TIF1_LIKE	H3	23	23
P68431	HISTONE H3.1	O15164	TRANSCRIPTION INTERMEDIARY FACTOR 1-ALPHA	BROMO_TIF1_LIKE	H3	25	25
P68431	HISTONE H3.1	O15164	TRANSCRIPTION INTERMEDIARY FACTOR 1-ALPHA	BROMO_TIF1_LIKE	H3	26	26
P68431	HISTONE H3.1	O15164	TRANSCRIPTION INTERMEDIARY FACTOR 1-ALPHA	BROMO_TIF1_LIKE	H3	27	27
P68431	HISTONE H3.1	O15164	TRANSCRIPTION INTERMEDIARY FACTOR 1-ALPHA	BROMO_TIF1_LIKE	H3	28	28
P68431	HISTONE H3.1	O15392	BACULOVIRAL IAP REPEAT-CONTAINING PROTEIN 5	BIR	H3	1	1
P68431	HISTONE H3.1	O15392	BACULOVIRAL IAP REPEAT-CONTAINING PROTEIN 5	BIR	H3	2	2
P68431	HISTONE H3.1	O15392	BACULOVIRAL IAP REPEAT-CONTAINING PROTEIN 5	BIR	H3	3	3
P68431	HISTONE H3.1	O15392	BACULOVIRAL IAP REPEAT-CONTAINING PROTEIN 5	BIR	H3	4	4
P68431	HISTONE H3.1	O15392	BACULOVIRAL IAP REPEAT-CONTAINING PROTEIN 5	BIR	H3	5	5
P68431	HISTONE H3.1	O15550	LYSINE-SPECIFIC DEMETHYLASE 6A	JMJC	H3	24	24
P68431	HISTONE H3.1	O15550	LYSINE-SPECIFIC DEMETHYLASE 6A	JMJC	H3	25	25
P68431	HISTONE H3.1	O15550	LYSINE-SPECIFIC DEMETHYLASE 6A	JMJC	H3	26	26
P68431	HISTONE H3.1	O15550	LYSINE-SPECIFIC DEMETHYLASE 6A	JMJC	H3	28	28
P68431	HISTONE H3.1	O15550	LYSINE-SPECIFIC DEMETHYLASE 6A	JMJC	H3	29	29
P68431	HISTONE H3.1	O15550	LYSINE-SPECIFIC DEMETHYLASE 6A	JMJC	H3	30	30
P68431	HISTONE H3.1	O15550	LYSINE-SPECIFIC DEMETHYLASE 6A	JMJC	H3	31	31
P68431	HISTONE H3.1	O15550	LYSINE-SPECIFIC DEMETHYLASE 6A	JMJC	H3	32	32
P68431	HISTONE H3.1	O60885	BROMODOMAIN-CONTAINING PROTEIN 4	BROMO_BRDT_I_LIKE	H3	11	11
P68431	HISTONE H3.1	O60885	BROMODOMAIN-CONTAINING PROTEIN 4	BROMO_BRDT_I_LIKE	H3	12	12
P68431	HISTONE H3.1	O60885	BROMODOMAIN-CONTAINING PROTEIN 4	BROMO_BRDT_I_LIKE	H3	13	13
P68431	HISTONE H3.1	O60885	BROMODOMAIN-CONTAINING PROTEIN 4	BROMO_BRDT_I_LIKE	H3	14	14
P68431	HISTONE H3.1	O60885	BROMODOMAIN-CONTAINING PROTEIN 4	BROMO_BRDT_I_LIKE	H3	16	16
P68431	HISTONE H3.1	O60885	BROMODOMAIN-CONTAINING PROTEIN 4	BROMO_BRDT_I_LIKE	H3	8	8
P68431	HISTONE H3.1	O60885	BROMODOMAIN-CONTAINING PROTEIN 4	BROMO_BRDT_I_LIKE	H3	9	9
P68431	HISTONE H3.1	O75164	LYSINE-SPECIFIC DEMETHYLASE 4A	JMJC	H3	10	10
P68431	HISTONE H3.1	O75164	LYSINE-SPECIFIC DEMETHYLASE 4A	JMJC	H3	11	11
P68431	HISTONE H3.1	O75164	LYSINE-SPECIFIC DEMETHYLASE 4A	JMJC	H3	12	12
P68431	HISTONE H3.1	O75164	LYSINE-SPECIFIC DEMETHYLASE 4A	JMJC	H3	13	13
P68431	HISTONE H3.1	O75164	LYSINE-SPECIFIC DEMETHYLASE 4A	JMJC	H3	14	14
P68431	HISTONE H3.1	O75164	LYSINE-SPECIFIC DEMETHYLASE 4A	JMJC	H3	15	15
P68431	HISTONE H3.1	O75164	LYSINE-SPECIFIC DEMETHYLASE 4A	JMJC	H3	8	8
P68431	HISTONE H3.1	O75164	LYSINE-SPECIFIC DEMETHYLASE 4A	JMJC	H3	9	9
P68431	HISTONE H3.1	O75164	LYSINE-SPECIFIC DEMETHYLASE 4A	TUDOR	H3	19	19
P68431	HISTONE H3.1	O75164	LYSINE-SPECIFIC DEMETHYLASE 4A	TUDOR	H3	20	20
P68431	HISTONE H3.1	O75164	LYSINE-SPECIFIC DEMETHYLASE 4A	TUDOR	H3	21	21
P68431	HISTONE H3.1	O75164	LYSINE-SPECIFIC DEMETHYLASE 4A	TUDOR	H3	22	22
P68431	HISTONE H3.1	O75164	LYSINE-SPECIFIC DEMETHYLASE 4A	TUDOR	H3	24	24
P68431	HISTONE H3.1	O75164	LYSINE-SPECIFIC DEMETHYLASE 4A	TUDOR	H3	25	25
P68431	HISTONE H3.1	O75164	LYSINE-SPECIFIC DEMETHYLASE 4A	TUDOR	H3	26	26
P68431	HISTONE H3.1	O94953	LYSINE-SPECIFIC DEMETHYLASE 4B	JMJC	H3	10	10
P68431	HISTONE H3.1	O94953	LYSINE-SPECIFIC DEMETHYLASE 4B	JMJC	H3	11	11
P68431	HISTONE H3.1	O94953	LYSINE-SPECIFIC DEMETHYLASE 4B	JMJC	H3	12	12
P68431	HISTONE H3.1	O94953	LYSINE-SPECIFIC DEMETHYLASE 4B	JMJC	H3	13	13
P68431	HISTONE H3.1	O94953	LYSINE-SPECIFIC DEMETHYLASE 4B	JMJC	H3	14	14
P68431	HISTONE H3.1	O94953	LYSINE-SPECIFIC DEMETHYLASE 4B	JMJC	H3	8	8
P68431	HISTONE H3.1	O95619	YEATS DOMAIN-CONTAINING PROTEIN 4	YEATS_GAS41_LIKE	H3	24	24
P68431	HISTONE H3.1	O95619	YEATS DOMAIN-CONTAINING PROTEIN 4	YEATS_GAS41_LIKE	H3	25	25
P68431	HISTONE H3.1	O95619	YEATS DOMAIN-CONTAINING PROTEIN 4	YEATS_GAS41_LIKE	H3	26	26
P68431	HISTONE H3.1	O95619	YEATS DOMAIN-CONTAINING PROTEIN 4	YEATS_GAS41_LIKE	H3	28	28
P68431	HISTONE H3.1	O95619	YEATS DOMAIN-CONTAINING PROTEIN 4	YEATS_GAS41_LIKE	H3	29	29
P68431	HISTONE H3.1	O95619	YEATS DOMAIN-CONTAINING PROTEIN 4	YEATS_GAS41_LIKE	H3	30	30
P68431	HISTONE H3.1	P23497	NUCLEAR AUTOANTIGEN SP-100	PHD_TIF1_LIKE	H3	2	2
P68431	HISTONE H3.1	P23497	NUCLEAR AUTOANTIGEN SP-100	PHD_TIF1_LIKE	H3	3	3
P68431	HISTONE H3.1	P23497	NUCLEAR AUTOANTIGEN SP-100	PHD_TIF1_LIKE	H3	4	4
P68431	HISTONE H3.1	P23497	NUCLEAR AUTOANTIGEN SP-100	PHD_TIF1_LIKE	H3	5	5
P68431	HISTONE H3.1	P23497	NUCLEAR AUTOANTIGEN SP-100	PHD_TIF1_LIKE	H3	6	6
P68431	HISTONE H3.1	P23497	NUCLEAR AUTOANTIGEN SP-100	PHD_TIF1_LIKE	H3	7	7
P68431	HISTONE H3.1	P23497	NUCLEAR AUTOANTIGEN SP-100	PHD_TIF1_LIKE	H3	8	8
P68431	HISTONE H3.1	P23497	NUCLEAR AUTOANTIGEN SP-100	PHD_TIF1_LIKE	H3	9	9
P68431	HISTONE H3.1	P26358	DNA (CYTOSINE-5)-METHYLTRANSFERASE 1	DNMT1-RFD	H3	10	10
P68431	HISTONE H3.1	P26358	DNA (CYTOSINE-5)-METHYLTRANSFERASE 1	DNMT1-RFD	H3	11	11
P68431	HISTONE H3.1	P26358	DNA (CYTOSINE-5)-METHYLTRANSFERASE 1	DNMT1-RFD	H3	12	12
P68431	HISTONE H3.1	P26358	DNA (CYTOSINE-5)-METHYLTRANSFERASE 1	DNMT1-RFD	H3	13	13
P68431	HISTONE H3.1	P26358	DNA (CYTOSINE-5)-METHYLTRANSFERASE 1	DNMT1-RFD	H3	14	14
P68431	HISTONE H3.1	P26358	DNA (CYTOSINE-5)-METHYLTRANSFERASE 1	DNMT1-RFD	H3	15	15
P68431	HISTONE H3.1	P26358	DNA (CYTOSINE-5)-METHYLTRANSFERASE 1	DNMT1-RFD	H3	16	16
P68431	HISTONE H3.1	P26358	DNA (CYTOSINE-5)-METHYLTRANSFERASE 1	DNMT1-RFD	H3	17	17
P68431	HISTONE H3.1	P26358	DNA (CYTOSINE-5)-METHYLTRANSFERASE 1	DNMT1-RFD	H3	18	18
P68431	HISTONE H3.1	P26358	DNA (CYTOSINE-5)-METHYLTRANSFERASE 1	DNMT1-RFD	H3	19	19
P68431	HISTONE H3.1	P26358	DNA (CYTOSINE-5)-METHYLTRANSFERASE 1	DNMT1-RFD	H3	6	6
P68431	HISTONE H3.1	P26358	DNA (CYTOSINE-5)-METHYLTRANSFERASE 1	DNMT1-RFD	H3	9	9
P68431	HISTONE H3.1	P29375	LYSINE-SPECIFIC DEMETHYLASE 5A	PHD3_KDM5A	H3	1	1
P68431	HISTONE H3.1	P29375	LYSINE-SPECIFIC DEMETHYLASE 5A	PHD3_KDM5A	H3	2	2
P68431	HISTONE H3.1	P29375	LYSINE-SPECIFIC DEMETHYLASE 5A	PHD3_KDM5A	H3	3	3
P68431	HISTONE H3.1	P29375	LYSINE-SPECIFIC DEMETHYLASE 5A	PHD3_KDM5A	H3	5	5
P68431	HISTONE H3.1	P29375	LYSINE-SPECIFIC DEMETHYLASE 5A	PHD3_KDM5A	H3	6	6
P68431	HISTONE H3.1	P29375	LYSINE-SPECIFIC DEMETHYLASE 5A	PHD3_KDM5A	H3	7	7
P68431	HISTONE H3.1	P42568	PROTEIN AF-9	YEATS_AF-9_LIKE	H3	10	10
P68431	HISTONE H3.1	P42568	PROTEIN AF-9	YEATS_AF-9_LIKE	H3	11	11
P68431	HISTONE H3.1	P42568	PROTEIN AF-9	YEATS_AF-9_LIKE	H3	15	15
P68431	HISTONE H3.1	P42568	PROTEIN AF-9	YEATS_AF-9_LIKE	H3	16	16
P68431	HISTONE H3.1	P42568	PROTEIN AF-9	YEATS_AF-9_LIKE	H3	17	17
P68431	HISTONE H3.1	P42568	PROTEIN AF-9	YEATS_AF-9_LIKE	H3	18	18
P68431	HISTONE H3.1	P42568	PROTEIN AF-9	YEATS_AF-9_LIKE	H3	20	20
P68431	HISTONE H3.1	P42568	PROTEIN AF-9	YEATS_AF-9_LIKE	H3	21	21
P68431	HISTONE H3.1	P42568	PROTEIN AF-9	YEATS_AF-9_LIKE	H3	4	4
P68431	HISTONE H3.1	P42568	PROTEIN AF-9	YEATS_AF-9_LIKE	H3	5	5
P68431	HISTONE H3.1	P42568	PROTEIN AF-9	YEATS_AF-9_LIKE	H3	6	6
P68431	HISTONE H3.1	P42568	PROTEIN AF-9	YEATS_AF-9_LIKE	H3	7	7
P68431	HISTONE H3.1	P42568	PROTEIN AF-9	YEATS_AF-9_LIKE	H3	8	8
P68431	HISTONE H3.1	P42568	PROTEIN AF-9	YEATS_AF-9_LIKE	H3	9	9
P68431	HISTONE H3.1	P46100	TRANSCRIPTIONAL REGULATOR ATRX	ADDZ_ATRX	H3	1	1
P68431	HISTONE H3.1	P46100	TRANSCRIPTIONAL REGULATOR ATRX	ADDZ_ATRX	H3	11	11
P68431	HISTONE H3.1	P46100	TRANSCRIPTIONAL REGULATOR ATRX	ADDZ_ATRX	H3	2	2
P68431	HISTONE H3.1	P46100	TRANSCRIPTIONAL REGULATOR ATRX	ADDZ_ATRX	H3	3	3
P68431	HISTONE H3.1	P46100	TRANSCRIPTIONAL REGULATOR ATRX	ADDZ_ATRX	H3	4	4
P68431	HISTONE H3.1	P46100	TRANSCRIPTIONAL REGULATOR ATRX	ADDZ_ATRX	H3	5	5
P68431	HISTONE H3.1	P46100	TRANSCRIPTIONAL REGULATOR ATRX	ADDZ_ATRX	H3	6	6
P68431	HISTONE H3.1	P46100	TRANSCRIPTIONAL REGULATOR ATRX	ADDZ_ATRX	H3	7	7
P68431	HISTONE H3.1	P46100	TRANSCRIPTIONAL REGULATOR ATRX	ADDZ_ATRX	H3	8	8
P68431	HISTONE H3.1	P55197	PROTEIN AF-10	PHD_AF10_AF17	H3	20	20
P68431	HISTONE H3.1	P55197	PROTEIN AF-10	PHD_AF10_AF17	H3	21	21
P68431	HISTONE H3.1	P55197	PROTEIN AF-10	PHD_AF10_AF17	H3	22	22
P68431	HISTONE H3.1	P55197	PROTEIN AF-10	PHD_AF10_AF17	H3	23	23
P68431	HISTONE H3.1	P55201	PEREGRIN	BROMO_BRD1_LIKE	H3	11	11
P68431	HISTONE H3.1	P55201	PEREGRIN	BROMO_BRD1_LIKE	H3	12	12
P68431	HISTONE H3.1	P55201	PEREGRIN	BROMO_BRD1_LIKE	H3	13	13
P68431	HISTONE H3.1	P55201	PEREGRIN	BROMO_BRD1_LIKE	H3	14	14
P68431	HISTONE H3.1	P55201	PEREGRIN	BROMO_BRD1_LIKE	H3	16	16
P68431	HISTONE H3.1	P55201	PEREGRIN	BROMO_BRD1_LIKE	H3	17	17
P68431	HISTONE H3.1	P55201	PEREGRIN	BROMO_BRD1_LIKE	H3	18	18
P68431	HISTONE H3.1	P61964	WD REPEAT-CONTAINING PROTEIN 5	WD40	H3	2	2
P68431	HISTONE H3.1	P61964	WD REPEAT-CONTAINING PROTEIN 5	WD40	H3	3	3
P68431	HISTONE H3.1	P61964	WD REPEAT-CONTAINING PROTEIN 5	WD40	H3	4	4
P68431	HISTONE H3.1	P61964	WD REPEAT-CONTAINING PROTEIN 5	WD40	H3	5	5
P68431	HISTONE H3.1	P61964	WD REPEAT-CONTAINING PROTEIN 5	WD40	H3	6	6
P68431	HISTONE H3.1	P61964	WD REPEAT-CONTAINING PROTEIN 5	WD40	H3	7	7
P68431	HISTONE H3.1	P61964	WD REPEAT-CONTAINING PROTEIN 5	WD40	H3	8	8
P68431	HISTONE H3.1	P62979	UBIQUITIN-40S RIBOSOMAL PROTEIN S27A	UBL_UBIQUITIN	H3	10	10
P68431	HISTONE H3.1	P62979	UBIQUITIN-40S RIBOSOMAL PROTEIN S27A	UBL_UBIQUITIN	H3	3	3
P68431	HISTONE H3.1	P62979	UBIQUITIN-40S RIBOSOMAL PROTEIN S27A	UBL_UBIQUITIN	H3	4	4
P68431	HISTONE H3.1	P62979	UBIQUITIN-40S RIBOSOMAL PROTEIN S27A	UBL_UBIQUITIN	H3	5	5
P68431	HISTONE H3.1	P62979	UBIQUITIN-40S RIBOSOMAL PROTEIN S27A	UBL_UBIQUITIN	H3	6	6
P68431	HISTONE H3.1	P62979	UBIQUITIN-40S RIBOSOMAL PROTEIN S27A	UBL_UBIQUITIN	H3	7	7
P68431	HISTONE H3.1	P62979	UBIQUITIN-40S RIBOSOMAL PROTEIN S27A	UBL_UBIQUITIN	H3	8	8
P68431	HISTONE H3.1	P62979	UBIQUITIN-40S RIBOSOMAL PROTEIN S27A	UBL_UBIQUITIN	H3	9	9
P68431	HISTONE H3.1	P63104	14-3-3 PROTEIN ZETA/DELTA	14-3-3_BETA_ZETA	H3	11	11
P68431	HISTONE H3.1	P63104	14-3-3 PROTEIN ZETA/DELTA	14-3-3_BETA_ZETA	H3	12	12
P68431	HISTONE H3.1	P63104	14-3-3 PROTEIN ZETA/DELTA	14-3-3_BETA_ZETA	H3	13	13
P68431	HISTONE H3.1	P63104	14-3-3 PROTEIN ZETA/DELTA	14-3-3_BETA_ZETA	H3	14	14
P68431	HISTONE H3.1	P63104	14-3-3 PROTEIN ZETA/DELTA	14-3-3_BETA_ZETA	H3	7	7
P68431	HISTONE H3.1	P63104	14-3-3 PROTEIN ZETA/DELTA	14-3-3_BETA_ZETA	H3	8	8
P68431	HISTONE H3.1	P63104	14-3-3 PROTEIN ZETA/DELTA	14-3-3_BETA_ZETA	H3	9	9
P68431	HISTONE H3.1	P83916	CHROMOBOX PROTEIN HOMOLOG 1	CSD_HP1BETA_CBX1	H3	45	46
P68431	HISTONE H3.1	P83916	CHROMOBOX PROTEIN HOMOLOG 1	CSD_HP1BETA_CBX1	H3	46	47
P68431	HISTONE H3.1	P83916	CHROMOBOX PROTEIN HOMOLOG 1	CSD_HP1BETA_CBX1	H3	47	48
P68431	HISTONE H3.1	P83916	CHROMOBOX PROTEIN HOMOLOG 1	CSD_HP1BETA_CBX1	H3	48	49
P68431	HISTONE H3.1	P83916	CHROMOBOX PROTEIN HOMOLOG 1	CSD_HP1BETA_CBX1	H3	49	50
P68431	HISTONE H3.1	P83916	CHROMOBOX PROTEIN HOMOLOG 1	CSD_HP1BETA_CBX1	H3	50	51
P68431	HISTONE H3.1	P83916	CHROMOBOX PROTEIN HOMOLOG 1	CSD_HP1BETA_CBX1	H3	51	52
P68431	HISTONE H3.1	Q03111	PROTEIN ENL	YEATS_AF-9_LIKE	H3	25	25
P68431	HISTONE H3.1	Q03111	PROTEIN ENL	YEATS_AF-9_LIKE	H3	26	26
P68431	HISTONE H3.1	Q03111	PROTEIN ENL	YEATS_AF-9_LIKE	H3	27	27
P68431	HISTONE H3.1	Q03111	PROTEIN ENL	YEATS_AF-9_LIKE	H3	29	29
P68431	HISTONE H3.1	Q03111	PROTEIN ENL	YEATS_AF-9_LIKE	H3	30	30
P68431	HISTONE H3.1	Q03164	HISTONE-LYSINE N-METHYLTRANSFERASE 2A	BROMO_ALL-1	H3	2	2
P68431	HISTONE H3.1	Q03164	HISTONE-LYSINE N-METHYLTRANSFERASE 2A	BROMO_ALL-1	H3	3	3
P68431	HISTONE H3.1	Q03164	HISTONE-LYSINE N-METHYLTRANSFERASE 2A	BROMO_ALL-1	H3	4	4
P68431	HISTONE H3.1	Q03164	HISTONE-LYSINE N-METHYLTRANSFERASE 2A	BROMO_ALL-1	H3	6	6
P68431	HISTONE H3.1	Q03164	HISTONE-LYSINE N-METHYLTRANSFERASE 2A	BROMO_ALL-1	H3	7	7
P68431	HISTONE H3.1	Q03164	HISTONE-LYSINE N-METHYLTRANSFERASE 2A	PHD3_KMT2A	H3	2	2
P68431	HISTONE H3.1	Q03164	HISTONE-LYSINE N-METHYLTRANSFERASE 2A	PHD3_KMT2A	H3	3	3
P68431	HISTONE H3.1	Q03164	HISTONE-LYSINE N-METHYLTRANSFERASE 2A	PHD3_KMT2A	H3	4	4
P68431	HISTONE H3.1	Q03164	HISTONE-LYSINE N-METHYLTRANSFERASE 2A	PHD3_KMT2A	H3	6	6
P68431	HISTONE H3.1	Q03164	HISTONE-LYSINE N-METHYLTRANSFERASE 2A	PHD3_KMT2A	H3	7	7
P68431	HISTONE H3.1	Q12830	NUCLEOSOME-REMODELING FACTOR SUBUNIT BPTF	PHD2_3_BPTF	H3	2	2
P68431	HISTONE H3.1	Q12830	NUCLEOSOME-REMODELING FACTOR SUBUNIT BPTF	PHD2_3_BPTF	H3	3	3
P68431	HISTONE H3.1	Q12830	NUCLEOSOME-REMODELING FACTOR SUBUNIT BPTF	PHD2_3_BPTF	H3	4	4
P68431	HISTONE H3.1	Q12830	NUCLEOSOME-REMODELING FACTOR SUBUNIT BPTF	PHD2_3_BPTF	H3	6	6
P68431	HISTONE H3.1	Q12830	NUCLEOSOME-REMODELING FACTOR SUBUNIT BPTF	PHD2_3_BPTF	H3	7	7
P68431	HISTONE H3.1	Q13185	CHROMOBOX PROTEIN HOMOLOG 3	CSD_HP1GAMMA_CBX3	H3	40	40
P68431	HISTONE H3.1	Q13185	CHROMOBOX PROTEIN HOMOLOG 3	CSD_HP1GAMMA_CBX3	H3	41	42
P68431	HISTONE H3.1	Q13185	CHROMOBOX PROTEIN HOMOLOG 3	CSD_HP1GAMMA_CBX3	H3	42	43
P68431	HISTONE H3.1	Q13185	CHROMOBOX PROTEIN HOMOLOG 3	CSD_HP1GAMMA_CBX3	H3	43	44
P68431	HISTONE H3.1	Q13185	CHROMOBOX PROTEIN HOMOLOG 3	CSD_HP1GAMMA_CBX3	H3	44	45
P68431	HISTONE H3.1	Q13185	CHROMOBOX PROTEIN HOMOLOG 3	CSD_HP1GAMMA_CBX3	H3	45	46
P68431	HISTONE H3.1	Q13185	CHROMOBOX PROTEIN HOMOLOG 3	CSD_HP1GAMMA_CBX3	H3	46	47
P68431	HISTONE H3.1	Q13185	CHROMOBOX PROTEIN HOMOLOG 3	CSD_HP1GAMMA_CBX3	H3	47	48
P68431	HISTONE H3.1	Q13185	CHROMOBOX PROTEIN HOMOLOG 3	CSD_HP1GAMMA_CBX3	H3	48	49
P68431	HISTONE H3.1	Q13185	CHROMOBOX PROTEIN HOMOLOG 3	CSD_HP1GAMMA_CBX3	H3	49	50
P68431	HISTONE H3.1	Q13185	CHROMOBOX PROTEIN HOMOLOG 3	CSD_HP1GAMMA_CBX3	H3	50	51
P68431	HISTONE H3.1	Q13185	CHROMOBOX PROTEIN HOMOLOG 3	CSD_HP1GAMMA_CBX3	H3	51	52
P68431	HISTONE H3.1	Q13185	CHROMOBOX PROTEIN HOMOLOG 3	CSD_HP1GAMMA_CBX3	H3	52	53
P68431	HISTONE H3.1	Q14149	MORC FAMILY CW-TYPE ZINC FINGER PROTEIN 3	ZF-CW	H3	1	1
P68431	HISTONE H3.1	Q14149	MORC FAMILY CW-TYPE ZINC FINGER PROTEIN 3	ZF-CW	H3	2	2
P68431	HISTONE H3.1	Q14149	MORC FAMILY CW-TYPE ZINC FINGER PROTEIN 3	ZF-CW	H3	3	3
P68431	HISTONE H3.1	Q14149	MORC FAMILY CW-TYPE ZINC FINGER PROTEIN 3	ZF-CW	H3	5	5
P68431	HISTONE H3.1	Q14149	MORC FAMILY CW-TYPE ZINC FINGER PROTEIN 3	ZF-CW	H3	6	6
P68431	HISTONE H3.1	Q14149	MORC FAMILY CW-TYPE ZINC FINGER PROTEIN 3	ZF-CW	H3	8	8
P68431	HISTONE H3.1	Q14839	CHROMODOMAIN-HELICASE-DNA-BINDING PROTEIN 4	PHD2_CHD_II	H3	11	11
P68431	HISTONE H3.1	Q14839	CHROMODOMAIN-HELICASE-DNA-BINDING PROTEIN 4	PHD2_CHD_II	H3	2	2
P68431	HISTONE H3.1	Q14839	CHROMODOMAIN-HELICASE-DNA-BINDING PROTEIN 4	PHD2_CHD_II	H3	3	3
P68431	HISTONE H3.1	Q14839	CHROMODOMAIN-HELICASE-DNA-BINDING PROTEIN 4	PHD2_CHD_II	H3	4	4
P68431	HISTONE H3.1	Q14839	CHROMODOMAIN-HELICASE-DNA-BINDING PROTEIN 4	PHD2_CHD_II	H3	5	5
P68431	HISTONE H3.1	Q14839	CHROMODOMAIN-HELICASE-DNA-BINDING PROTEIN 4	PHD2_CHD_II	H3	6	6
P68431	HISTONE H3.1	Q14839	CHROMODOMAIN-HELICASE-DNA-BINDING PROTEIN 4	PHD2_CHD_II	H3	7	7
P68431	HISTONE H3.1	Q14839	CHROMODOMAIN-HELICASE-DNA-BINDING PROTEIN 4	PHD2_CHD_II	H3	8	8
P68431	HISTONE H3.1	Q14839	CHROMODOMAIN-HELICASE-DNA-BINDING PROTEIN 4	PHD2_CHD_II	H3	9	9
P68431	HISTONE H3.1	Q15047	HISTONE-LYSINE N-METHYLTRANSFERASE SETDB1	TUDOR	H3	11	11
P68431	HISTONE H3.1	Q15047	HISTONE-LYSINE N-METHYLTRANSFERASE SETDB1	TUDOR	H3	12	12
P68431	HISTONE H3.1	Q15047	HISTONE-LYSINE N-METHYLTRANSFERASE SETDB1	TUDOR	H3	13	13
P68431	HISTONE H3.1	Q15047	HISTONE-LYSINE N-METHYLTRANSFERASE SETDB1	TUDOR	H3	14	14
P68431	HISTONE H3.1	Q15047	HISTONE-LYSINE N-METHYLTRANSFERASE SETDB1	TUDOR	H3	16	16
P68431	HISTONE H3.1	Q15047	HISTONE-LYSINE N-METHYLTRANSFERASE SETDB1	TUDOR	H3	17	17
P68431	HISTONE H3.1	Q15047	HISTONE-LYSINE N-METHYLTRANSFERASE SETDB1	TUDOR	H3	18	18
P68431	HISTONE H3.1	Q15047	HISTONE-LYSINE N-METHYLTRANSFERASE SETDB1	TUDOR	H3	8	8
P68431	HISTONE H3.1	Q15047	HISTONE-LYSINE N-METHYLTRANSFERASE SETDB1	TUDOR	H3	9	9
P68431	HISTONE H3.1	Q15059	BROMODOMAIN-CONTAINING PROTEIN 3	BROMO_BRDT_II_LIKE	H3	17	17
P68431	HISTONE H3.1	Q15059	BROMODOMAIN-CONTAINING PROTEIN 3	BROMO_BRDT_II_LIKE	H3	18	18
P68431	HISTONE H3.1	Q15059	BROMODOMAIN-CONTAINING PROTEIN 3	BROMO_BRDT_II_LIKE	H3	20	20
P68431	HISTONE H3.1	Q15059	BROMODOMAIN-CONTAINING PROTEIN 3	BROMO_BRDT_II_LIKE	H3	21	21
P68431	HISTONE H3.1	Q15910	HISTONE-LYSINE N-METHYLTRANSFERASE EZH2	SET	H3	22	22
P68431	HISTONE H3.1	Q15910	HISTONE-LYSINE N-METHYLTRANSFERASE EZH2	SET	H3	23	23
P68431	HISTONE H3.1	Q15910	HISTONE-LYSINE N-METHYLTRANSFERASE EZH2	SET	H3	24	24
P68431	HISTONE H3.1	Q15910	HISTONE-LYSINE N-METHYLTRANSFERASE EZH2	SET	H3	25	25
P68431	HISTONE H3.1	Q15910	HISTONE-LYSINE N-METHYLTRANSFERASE EZH2	SET	H3	26	26
P68431	HISTONE H3.1	Q15910	HISTONE-LYSINE N-METHYLTRANSFERASE EZH2	SET	H3	27	27
P68431	HISTONE H3.1	Q15910	HISTONE-LYSINE N-METHYLTRANSFERASE EZH2	SET	H3	28	28
P68431	HISTONE H3.1	Q15910	HISTONE-LYSINE N-METHYLTRANSFERASE EZH2	SET	H3	29	29
P68431	HISTONE H3.1	Q15910	HISTONE-LYSINE N-METHYLTRANSFERASE EZH2	SET	H3	30	30
P68431	HISTONE H3.1	Q56A73	SPINDLIN-4	SPIN-SSTY	H3	1	1
P68431	HISTONE H3.1	Q56A73	SPINDLIN-4	SPIN-SSTY	H3	2	2
P68431	HISTONE H3.1	Q56A73	SPINDLIN-4	SPIN-SSTY	H3	3	3
P68431	HISTONE H3.1	Q56A73	SPINDLIN-4	SPIN-SSTY	H3	5	5
P68431	HISTONE H3.1	Q5T6S3	PHD FINGER PROTEIN 19	TUDOR	H3	32	32
P68431	HISTONE H3.1	Q5T6S3	PHD FINGER PROTEIN 19	TUDOR	H3	34	34
P68431	HISTONE H3.1	Q5T6S3	PHD FINGER PROTEIN 19	TUDOR	H3	35	35
P68431	HISTONE H3.1	Q5T6S3	PHD FINGER PROTEIN 19	TUDOR	H3	36	36
P68431	HISTONE H3.1	Q5T6S3	PHD FINGER PROTEIN 19	TUDOR	H3	38	38
P68431	HISTONE H3.1	Q5T6S3	PHD FINGER PROTEIN 19	TUDOR	H3	39	39
P68431	HISTONE H3.1	Q5T6S3	PHD FINGER PROTEIN 19	TUDOR	H3	40	40
P68431	HISTONE H3.1	Q5T6S3	PHD FINGER PROTEIN 19	TUDOR	H3	41	42
P68431	HISTONE H3.1	Q5T6S3	PHD FINGER PROTEIN 19	TUDOR	H3	42	43
P68431	HISTONE H3.1	Q5VWG9	TRANSCRIPTION INITIATION FACTOR TFIID SUBUNIT 3	PHD_TAF3	H3	1	1
P68431	HISTONE H3.1	Q5VWG9	TRANSCRIPTION INITIATION FACTOR TFIID SUBUNIT 3	PHD_TAF3	H3	2	2
P68431	HISTONE H3.1	Q5VWG9	TRANSCRIPTION INITIATION FACTOR TFIID SUBUNIT 3	PHD_TAF3	H3	3	3
P68431	HISTONE H3.1	Q5VWG9	TRANSCRIPTION INITIATION FACTOR TFIID SUBUNIT 3	PHD_TAF3	H3	5	5
P68431	HISTONE H3.1	Q5VWG9	TRANSCRIPTION INITIATION FACTOR TFIID SUBUNIT 3	PHD_TAF3	H3	6	6
P68431	HISTONE H3.1	Q5VWG9	TRANSCRIPTION INITIATION FACTOR TFIID SUBUNIT 3	PHD_TAF3	H3	7	7
P68431	HISTONE H3.1	Q6B0I6	LYSINE-SPECIFIC DEMETHYLASE 4D	JMJC	H3	10	10
P68431	HISTONE H3.1	Q6B0I6	LYSINE-SPECIFIC DEMETHYLASE 4D	JMJC	H3	11	11
P68431	HISTONE H3.1	Q6B0I6	LYSINE-SPECIFIC DEMETHYLASE 4D	JMJC	H3	12	12
P68431	HISTONE H3.1	Q6B0I6	LYSINE-SPECIFIC DEMETHYLASE 4D	JMJC	H3	13	13
P68431	HISTONE H3.1	Q6B0I6	LYSINE-SPECIFIC DEMETHYLASE 4D	JMJC	H3	8	8
P68431	HISTONE H3.1	Q7Z4V5	HEPATOMA-DERIVED GROWTH FACTOR-RELATED PROTEIN 2	HDGF_RELATED	H3	76	77
P68431	HISTONE H3.1	Q7Z4V5	HEPATOMA-DERIVED GROWTH FACTOR-RELATED PROTEIN 2	HDGF_RELATED	H3	77	78
P68431	HISTONE H3.1	Q7Z4V5	HEPATOMA-DERIVED GROWTH FACTOR-RELATED PROTEIN 2	HDGF_RELATED	H3	78	79
P68431	HISTONE H3.1	Q7Z4V5	HEPATOMA-DERIVED GROWTH FACTOR-RELATED PROTEIN 2	HDGF_RELATED	H3	80	81
P68431	HISTONE H3.1	Q8WTS6	HISTONE-LYSINE N-METHYLTRANSFERASE SETD7	SET	H3	10	10
P68431	HISTONE H3.1	Q8WTS6	HISTONE-LYSINE N-METHYLTRANSFERASE SETD7	SET	H3	2	2
P68431	HISTONE H3.1	Q8WTS6	HISTONE-LYSINE N-METHYLTRANSFERASE SETD7	SET	H3	3	3
P68431	HISTONE H3.1	Q8WTS6	HISTONE-LYSINE N-METHYLTRANSFERASE SETD7	SET	H3	4	4
P68431	HISTONE H3.1	Q8WTS6	HISTONE-LYSINE N-METHYLTRANSFERASE SETD7	SET	H3	6	6
P68431	HISTONE H3.1	Q8WTS6	HISTONE-LYSINE N-METHYLTRANSFERASE SETD7	SET	H3	7	7
P68431	HISTONE H3.1	Q8WTS6	HISTONE-LYSINE N-METHYLTRANSFERASE SETD7	SET	H3	8	8
P68431	HISTONE H3.1	Q92784	ZINC FINGER PROTEIN DPF3	PHD1_DPF3	H3	1	1
P68431	HISTONE H3.1	Q92784	ZINC FINGER PROTEIN DPF3	PHD1_DPF3	H3	10	10
P68431	HISTONE H3.1	Q92784	ZINC FINGER PROTEIN DPF3	PHD1_DPF3	H3	11	11
P68431	HISTONE H3.1	Q92784	ZINC FINGER PROTEIN DPF3	PHD1_DPF3	H3	12	12
P68431	HISTONE H3.1	Q92784	ZINC FINGER PROTEIN DPF3	PHD1_DPF3	H3	13	13
P68431	HISTONE H3.1	Q92784	ZINC FINGER PROTEIN DPF3	PHD1_DPF3	H3	14	14
P68431	HISTONE H3.1	Q92784	ZINC FINGER PROTEIN DPF3	PHD1_DPF3	H3	15	15
P68431	HISTONE H3.1	Q92784	ZINC FINGER PROTEIN DPF3	PHD1_DPF3	H3	16	16
P68431	HISTONE H3.1	Q92784	ZINC FINGER PROTEIN DPF3	PHD1_DPF3	H3	17	17
P68431	HISTONE H3.1	Q92784	ZINC FINGER PROTEIN DPF3	PHD1_DPF3	H3	2	2
P68431	HISTONE H3.1	Q92784	ZINC FINGER PROTEIN DPF3	PHD1_DPF3	H3	3	3
P68431	HISTONE H3.1	Q92784	ZINC FINGER PROTEIN DPF3	PHD1_DPF3	H3	4	4
P68431	HISTONE H3.1	Q92784	ZINC FINGER PROTEIN DPF3	PHD1_DPF3	H3	5	5
P68431	HISTONE H3.1	Q92784	ZINC FINGER PROTEIN DPF3	PHD1_DPF3	H3	6	6
P68431	HISTONE H3.1	Q92784	ZINC FINGER PROTEIN DPF3	PHD1_DPF3	H3	7	7
P68431	HISTONE H3.1	Q92784	ZINC FINGER PROTEIN DPF3	PHD1_DPF3	H3	8	8
P68431	HISTONE H3.1	Q92784	ZINC FINGER PROTEIN DPF3	PHD1_DPF3	H3	9	9
P68431	HISTONE H3.1	Q92784	ZINC FINGER PROTEIN DPF3	PHD2_D4	H3	1	1
P68431	HISTONE H3.1	Q92784	ZINC FINGER PROTEIN DPF3	PHD2_D4	H3	10	10
P68431	HISTONE H3.1	Q92784	ZINC FINGER PROTEIN DPF3	PHD2_D4	H3	11	11
P68431	HISTONE H3.1	Q92784	ZINC FINGER PROTEIN DPF3	PHD2_D4	H3	19	19
P68431	HISTONE H3.1	Q92784	ZINC FINGER PROTEIN DPF3	PHD2_D4	H3	2	2
P68431	HISTONE H3.1	Q92784	ZINC FINGER PROTEIN DPF3	PHD2_D4	H3	3	3
P68431	HISTONE H3.1	Q92784	ZINC FINGER PROTEIN DPF3	PHD2_D4	H3	4	4
P68431	HISTONE H3.1	Q92784	ZINC FINGER PROTEIN DPF3	PHD2_D4	H3	5	5
P68431	HISTONE H3.1	Q92784	ZINC FINGER PROTEIN DPF3	PHD2_D4	H3	6	6
P68431	HISTONE H3.1	Q92784	ZINC FINGER PROTEIN DPF3	PHD2_D4	H3	7	7
P68431	HISTONE H3.1	Q92784	ZINC FINGER PROTEIN DPF3	PHD2_D4	H3	8	8
P68431	HISTONE H3.1	Q92784	ZINC FINGER PROTEIN DPF3	PHD2_D4	H3	9	9
P68431	HISTONE H3.1	Q92793	CREB-BINDING PROTEIN	BROMO_CBP_LIKE	H3	53	54
P68431	HISTONE H3.1	Q92793	CREB-BINDING PROTEIN	BROMO_CBP_LIKE	H3	54	55
P68431	HISTONE H3.1	Q92793	CREB-BINDING PROTEIN	BROMO_CBP_LIKE	H3	55	56
P68431	HISTONE H3.1	Q92793	CREB-BINDING PROTEIN	BROMO_CBP_LIKE	H3	56	57
P68431	HISTONE H3.1	Q92793	CREB-BINDING PROTEIN	BROMO_CBP_LIKE	H3	58	59
P68431	HISTONE H3.1	Q92794	HISTONE ACETYLTRANSFERASE KAT6A	PHD1_MOZ	H3	11	11
P68431	HISTONE H3.1	Q92794	HISTONE ACETYLTRANSFERASE KAT6A	PHD1_MOZ	H3	12	12
P68431	HISTONE H3.1	Q92794	HISTONE ACETYLTRANSFERASE KAT6A	PHD1_MOZ	H3	13	13
P68431	HISTONE H3.1	Q92794	HISTONE ACETYLTRANSFERASE KAT6A	PHD1_MOZ	H3	14	14
P68431	HISTONE H3.1	Q92794	HISTONE ACETYLTRANSFERASE KAT6A	PHD1_MOZ	H3	16	16
P68431	HISTONE H3.1	Q92794	HISTONE ACETYLTRANSFERASE KAT6A	PHD1_MOZ	H3	3	3
P68431	HISTONE H3.1	Q92794	HISTONE ACETYLTRANSFERASE KAT6A	PHD1_MOZ	H3	5	5
P68431	HISTONE H3.1	Q92794	HISTONE ACETYLTRANSFERASE KAT6A	PHD1_MOZ	H3	8	8
P68431	HISTONE H3.1	Q92794	HISTONE ACETYLTRANSFERASE KAT6A	PHD1_MOZ	H3	9	9
P68431	HISTONE H3.1	Q92794	HISTONE ACETYLTRANSFERASE KAT6A	PHD2_KAT6A_6B	H3	2	2
P68431	HISTONE H3.1	Q92794	HISTONE ACETYLTRANSFERASE KAT6A	PHD2_KAT6A_6B	H3	3	3
P68431	HISTONE H3.1	Q92794	HISTONE ACETYLTRANSFERASE KAT6A	PHD2_KAT6A_6B	H3	4	4
P68431	HISTONE H3.1	Q92794	HISTONE ACETYLTRANSFERASE KAT6A	PHD2_KAT6A_6B	H3	5	5
P68431	HISTONE H3.1	Q92794	HISTONE ACETYLTRANSFERASE KAT6A	PHD2_KAT6A_6B	H3	6	6
P68431	HISTONE H3.1	Q92794	HISTONE ACETYLTRANSFERASE KAT6A	PHD2_KAT6A_6B	H3	7	7
P68431	HISTONE H3.1	Q92794	HISTONE ACETYLTRANSFERASE KAT6A	PHD2_KAT6A_6B	H3	8	8
P68431	HISTONE H3.1	Q92794	HISTONE ACETYLTRANSFERASE KAT6A	PHD2_KAT6A_6B	H3	9	9
P68431	HISTONE H3.1	Q96KQ7	HISTONE-LYSINE N-METHYLTRANSFERASE EHMT2	PRESET	H3	12	12
P68431	HISTONE H3.1	Q96KQ7	HISTONE-LYSINE N-METHYLTRANSFERASE EHMT2	SET	H3	10	10
P68431	HISTONE H3.1	Q96KQ7	HISTONE-LYSINE N-METHYLTRANSFERASE EHMT2	SET	H3	11	11
P68431	HISTONE H3.1	Q96KQ7	HISTONE-LYSINE N-METHYLTRANSFERASE EHMT2	SET	H3	4	4
P68431	HISTONE H3.1	Q96KQ7	HISTONE-LYSINE N-METHYLTRANSFERASE EHMT2	SET	H3	5	5
P68431	HISTONE H3.1	Q96KQ7	HISTONE-LYSINE N-METHYLTRANSFERASE EHMT2	SET	H3	6	6
P68431	HISTONE H3.1	Q96KQ7	HISTONE-LYSINE N-METHYLTRANSFERASE EHMT2	SET	H3	7	7
P68431	HISTONE H3.1	Q96KQ7	HISTONE-LYSINE N-METHYLTRANSFERASE EHMT2	SET	H3	8	8
P68431	HISTONE H3.1	Q96KQ7	HISTONE-LYSINE N-METHYLTRANSFERASE EHMT2	SET	H3	9	9
P68431	HISTONE H3.1	Q96T88	E3 UBIQUITIN-PROTEIN LIGASE UHRF1	PHD_UHRF1	H3	1	1
P68431	HISTONE H3.1	Q96T88	E3 UBIQUITIN-PROTEIN LIGASE UHRF1	PHD_UHRF1	H3	2	2
P68431	HISTONE H3.1	Q96T88	E3 UBIQUITIN-PROTEIN LIGASE UHRF1	PHD_UHRF1	H3	3	3
P68431	HISTONE H3.1	Q96T88	E3 UBIQUITIN-PROTEIN LIGASE UHRF1	PHD_UHRF1	H3	4	4
P68431	HISTONE H3.1	Q96T88	E3 UBIQUITIN-PROTEIN LIGASE UHRF1	PHD_UHRF1	H3	5	5
P68431	HISTONE H3.1	Q96T88	E3 UBIQUITIN-PROTEIN LIGASE UHRF1	PHD_UHRF1	H3	6	6
P68431	HISTONE H3.1	Q99549	M-PHASE PHOSPHOPROTEIN 8	CD_MMP8	H3	1	1
P68431	HISTONE H3.1	Q99549	M-PHASE PHOSPHOPROTEIN 8	CD_MMP8	H3	10	10
P68431	HISTONE H3.1	Q99549	M-PHASE PHOSPHOPROTEIN 8	CD_MMP8	H3	2	2
P68431	HISTONE H3.1	Q99549	M-PHASE PHOSPHOPROTEIN 8	CD_MMP8	H3	3	3
P68431	HISTONE H3.1	Q99549	M-PHASE PHOSPHOPROTEIN 8	CD_MMP8	H3	4	4
P68431	HISTONE H3.1	Q99549	M-PHASE PHOSPHOPROTEIN 8	CD_MMP8	H3	5	5
P68431	HISTONE H3.1	Q99549	M-PHASE PHOSPHOPROTEIN 8	CD_MMP8	H3	6	6
P68431	HISTONE H3.1	Q99549	M-PHASE PHOSPHOPROTEIN 8	CD_MMP8	H3	7	7
P68431	HISTONE H3.1	Q99549	M-PHASE PHOSPHOPROTEIN 8	CD_MMP8	H3	8	8
P68431	HISTONE H3.1	Q9BPZ2	SPINDLIN-2B	SPIN-SSTY	H3	1	1
P68431	HISTONE H3.1	Q9BPZ2	SPINDLIN-2B	SPIN-SSTY	H3	2	2
P68431	HISTONE H3.1	Q9BPZ2	SPINDLIN-2B	SPIN-SSTY	H3	3	3
P68431	HISTONE H3.1	Q9BPZ2	SPINDLIN-2B	SPIN-SSTY	H3	5	5
P68431	HISTONE H3.1	Q9BRQ0	#PYGOPUS HOMOLOG 2	PHD_PYGO2	H3	2	2
P68431	HISTONE H3.1	Q9BRQ0	Q86UU0:#B-CELL CLL/LYMPHOMA 9-LIKE PROTEIN#Q9BRQ0:#PYGOPUS HOMOLOG 2	PHD_PYGO2	H3	3	3
P68431	HISTONE H3.1	Q9BRQ0	Q86UU0:#B-CELL CLL/LYMPHOMA 9-LIKE PROTEIN#Q9BRQ0:#PYGOPUS HOMOLOG 2	PHD_PYGO2	H3	4	4
P68431	HISTONE H3.1	Q9BRQ0	Q86UU0:#B-CELL CLL/LYMPHOMA 9-LIKE PROTEIN#Q9BRQ0:#PYGOPUS HOMOLOG 2	PHD_PYGO2	H3	6	6
P68431	HISTONE H3.1	Q9BRQ0	Q86UU0:#B-CELL CLL/LYMPHOMA 9-LIKE PROTEIN#Q9BRQ0:#PYGOPUS HOMOLOG 2	PHD_PYGO2	H3	7	7
P68431	HISTONE H3.1	Q9BYW2	HISTONE-LYSINE N-METHYLTRANSFERASE SETD2	AWS	H3	40	40
P68431	HISTONE H3.1	Q9BYW2	HISTONE-LYSINE N-METHYLTRANSFERASE SETD2	POSTSET	H3	31	31
P68431	HISTONE H3.1	Q9BYW2	HISTONE-LYSINE N-METHYLTRANSFERASE SETD2	POSTSET	H3	32	32
P68431	HISTONE H3.1	Q9BYW2	HISTONE-LYSINE N-METHYLTRANSFERASE SETD2	SET	H3	29	29
P68431	HISTONE H3.1	Q9BYW2	HISTONE-LYSINE N-METHYLTRANSFERASE SETD2	SET	H3	30	30
P68431	HISTONE H3.1	Q9BYW2	HISTONE-LYSINE N-METHYLTRANSFERASE SETD2	SET	H3	31	31
P68431	HISTONE H3.1	Q9BYW2	HISTONE-LYSINE N-METHYLTRANSFERASE SETD2	SET	H3	32	32
P68431	HISTONE H3.1	Q9BYW2	HISTONE-LYSINE N-METHYLTRANSFERASE SETD2	SET	H3	33	33
P68431	HISTONE H3.1	Q9BYW2	HISTONE-LYSINE N-METHYLTRANSFERASE SETD2	SET	H3	34	34
P68431	HISTONE H3.1	Q9BYW2	HISTONE-LYSINE N-METHYLTRANSFERASE SETD2	SET	H3	35	35
P68431	HISTONE H3.1	Q9BYW2	HISTONE-LYSINE N-METHYLTRANSFERASE SETD2	SET	H3	36	36
P68431	HISTONE H3.1	Q9BYW2	HISTONE-LYSINE N-METHYLTRANSFERASE SETD2	SET	H3	37	37
P68431	HISTONE H3.1	Q9BYW2	HISTONE-LYSINE N-METHYLTRANSFERASE SETD2	SET	H3	38	38
P68431	HISTONE H3.1	Q9BYW2	HISTONE-LYSINE N-METHYLTRANSFERASE SETD2	SET	H3	39	39
P68431	HISTONE H3.1	Q9BYW2	HISTONE-LYSINE N-METHYLTRANSFERASE SETD2	SET	H3	40	40
P68431	HISTONE H3.1	Q9BYW2	HISTONE-LYSINE N-METHYLTRANSFERASE SETD2	SET	H3	41	42
P68431	HISTONE H3.1	Q9NXA8	NAD-DEPENDENT PROTEIN DEACYLASE SIRTUIN-5, MITOCHONDRIAL	SIRT5_AF1_COBB	H3	10	10
P68431	HISTONE H3.1	Q9NXA8	NAD-DEPENDENT PROTEIN DEACYLASE SIRTUIN-5, MITOCHONDRIAL	SIRT5_AF1_COBB	H3	11	11
P68431	HISTONE H3.1	Q9NXA8	NAD-DEPENDENT PROTEIN DEACYLASE SIRTUIN-5, MITOCHONDRIAL	SIRT5_AF1_COBB	H3	12	12
P68431	HISTONE H3.1	Q9NXA8	NAD-DEPENDENT PROTEIN DEACYLASE SIRTUIN-5, MITOCHONDRIAL	SIRT5_AF1_COBB	H3	13	13
P68431	HISTONE H3.1	Q9NXA8	NAD-DEPENDENT PROTEIN DEACYLASE SIRTUIN-5, MITOCHONDRIAL	SIRT5_AF1_COBB	H3	6	6
P68431	HISTONE H3.1	Q9NXA8	NAD-DEPENDENT PROTEIN DEACYLASE SIRTUIN-5, MITOCHONDRIAL	SIRT5_AF1_COBB	H3	7	7
P68431	HISTONE H3.1	Q9NXA8	NAD-DEPENDENT PROTEIN DEACYLASE SIRTUIN-5, MITOCHONDRIAL	SIRT5_AF1_COBB	H3	8	8
P68431	HISTONE H3.1	Q9NXA8	NAD-DEPENDENT PROTEIN DEACYLASE SIRTUIN-5, MITOCHONDRIAL	SIRT5_AF1_COBB	H3	9	9
P68431	HISTONE H3.1	Q9ULG1	CHROMATIN-REMODELING ATPASE INO80	DEXQC_INO80	H3	41	42
P68431	HISTONE H3.1	Q9ULG1	CHROMATIN-REMODELING ATPASE INO80	DEXQC_INO80	H3	47	48
P68431	HISTONE H3.1	Q9ULM3	YEATS DOMAIN-CONTAINING PROTEIN 2	YEATS_YEATS2_LIKE	H3	25	25
P68431	HISTONE H3.1	Q9ULM3	YEATS DOMAIN-CONTAINING PROTEIN 2	YEATS_YEATS2_LIKE	H3	26	26
P68431	HISTONE H3.1	Q9ULM3	YEATS DOMAIN-CONTAINING PROTEIN 2	YEATS_YEATS2_LIKE	H3	27	27
P68431	HISTONE H3.1	Q9ULM3	YEATS DOMAIN-CONTAINING PROTEIN 2	YEATS_YEATS2_LIKE	H3	28	28
P68431	HISTONE H3.1	Q9ULM3	YEATS DOMAIN-CONTAINING PROTEIN 2	YEATS_YEATS2_LIKE	H3	29	29
P68431	HISTONE H3.1	Q9ULM3	YEATS DOMAIN-CONTAINING PROTEIN 2	YEATS_YEATS2_LIKE	H3	30	30
P68431	HISTONE H3.1	Q9ULM3	YEATS DOMAIN-CONTAINING PROTEIN 2	YEATS_YEATS2_LIKE	H3	31	31
P68431	HISTONE H3.1	Q9ULM3	YEATS DOMAIN-CONTAINING PROTEIN 2	YEATS_YEATS2_LIKE	H3	32	32
P68431	HISTONE H3.1	Q9UNL4	INHIBITOR OF GROWTH PROTEIN 4	PHD_ING4	H3	2	2
P68431	HISTONE H3.1	Q9UNL4	INHIBITOR OF GROWTH PROTEIN 4	PHD_ING4	H3	3	3
P68431	HISTONE H3.1	Q9UNL4	INHIBITOR OF GROWTH PROTEIN 4	PHD_ING4	H3	4	4
P68431	HISTONE H3.1	Q9UNL4	INHIBITOR OF GROWTH PROTEIN 4	PHD_ING4	H3	6	6
P68431	HISTONE H3.1	Q9UNL4	INHIBITOR OF GROWTH PROTEIN 4	PHD_ING4	H3	7	7
P68431	HISTONE H3.1	Q9UPN9	E3 UBIQUITIN-PROTEIN LIGASE TRIM33	BROMO_TIF1_LIKE	H3	16	16
P68431	HISTONE H3.1	Q9UPN9	E3 UBIQUITIN-PROTEIN LIGASE TRIM33	BROMO_TIF1_LIKE	H3	17	17
P68431	HISTONE H3.1	Q9UPN9	E3 UBIQUITIN-PROTEIN LIGASE TRIM33	BROMO_TIF1_LIKE	H3	18	18
P68431	HISTONE H3.1	Q9UPN9	E3 UBIQUITIN-PROTEIN LIGASE TRIM33	PHD_TIF1GAMMA	H3	11	11
P68431	HISTONE H3.1	Q9UPN9	E3 UBIQUITIN-PROTEIN LIGASE TRIM33	PHD_TIF1GAMMA	H3	12	12
P68431	HISTONE H3.1	Q9UPN9	E3 UBIQUITIN-PROTEIN LIGASE TRIM33	PHD_TIF1GAMMA	H3	2	2
P68431	HISTONE H3.1	Q9UPN9	E3 UBIQUITIN-PROTEIN LIGASE TRIM33	PHD_TIF1GAMMA	H3	3	3
P68431	HISTONE H3.1	Q9UPN9	E3 UBIQUITIN-PROTEIN LIGASE TRIM33	PHD_TIF1GAMMA	H3	4	4
P68431	HISTONE H3.1	Q9UPN9	E3 UBIQUITIN-PROTEIN LIGASE TRIM33	PHD_TIF1GAMMA	H3	5	5
P68431	HISTONE H3.1	Q9UPN9	E3 UBIQUITIN-PROTEIN LIGASE TRIM33	PHD_TIF1GAMMA	H3	6	6
P68431	HISTONE H3.1	Q9UPN9	E3 UBIQUITIN-PROTEIN LIGASE TRIM33	PHD_TIF1GAMMA	H3	7	7
P68431	HISTONE H3.1	Q9UPN9	E3 UBIQUITIN-PROTEIN LIGASE TRIM33	PHD_TIF1GAMMA	H3	8	8
P68431	HISTONE H3.1	Q9UPN9	E3 UBIQUITIN-PROTEIN LIGASE TRIM33	PHD_TIF1GAMMA	H3	9	9
P68431	HISTONE H3.1	Q9Y3Y4	PYGOPUS HOMOLOG 1	PHD_PYGO1	H3	1	1
P68431	HISTONE H3.1	Q9Y3Y4	PYGOPUS HOMOLOG 1	PHD_PYGO1	H3	3	3
P68431	HISTONE H3.1	Q9Y3Y4	PYGOPUS HOMOLOG 1	PHD_PYGO1	H3	5	5
P68431	HISTONE H3.1	Q9Y3Y4	PYGOPUS HOMOLOG 1	PHD_PYGO1	H3	6	6
P68431	HISTONE H3.1	Q9Y483	METAL-RESPONSE ELEMENT-BINDING TRANSCRIPTION FACTOR 2	TUDOR	H3	38	38
P68431	HISTONE H3.1	Q9Y483	METAL-RESPONSE ELEMENT-BINDING TRANSCRIPTION FACTOR 2	TUDOR	H3	39	39
P68431	HISTONE H3.1	Q9Y5B9	FACT COMPLEX SUBUNIT SPT16	RTT106	H3	102	105
P68431	HISTONE H3.1	Q9Y5B9	FACT COMPLEX SUBUNIT SPT16	RTT106	H3	103	106
P68431	HISTONE H3.1	Q9Y5B9	FACT COMPLEX SUBUNIT SPT16	RTT106	H3	106	109
P68431	HISTONE H3.1	Q9Y5B9	FACT COMPLEX SUBUNIT SPT16	RTT106	H3	107	110
P68431	HISTONE H3.1	Q9Y5B9	FACT COMPLEX SUBUNIT SPT16	RTT106	H3	109	112
P68431	HISTONE H3.1	Q9Y5B9	FACT COMPLEX SUBUNIT SPT16	RTT106	H3	110	113
P68431	HISTONE H3.1	Q9Y5B9	FACT COMPLEX SUBUNIT SPT16	RTT106	H3	113	116
P68431	HISTONE H3.1	Q9Y5B9	FACT COMPLEX SUBUNIT SPT16	RTT106	H3	116	119
P68431	HISTONE H3.1	Q9Y5B9	FACT COMPLEX SUBUNIT SPT16	RTT106	H3	123	126
P68431	HISTONE H3.1	Q9Y5B9	FACT COMPLEX SUBUNIT SPT16	RTT106	H3	130	133
P68431	HISTONE H3.1	Q9Y5B9	FACT COMPLEX SUBUNIT SPT16	RTT106	H3	131	134
P68431	HISTONE H3.1	Q9Y5B9	FACT COMPLEX SUBUNIT SPT16	RTT106	H3	132	135
P84243	HISTONE H3.3	P42568	PROTEIN AF-9	YEATS_AF-9_LIKE	H3	11	11
P84243	HISTONE H3.3	P42568	PROTEIN AF-9	YEATS_AF-9_LIKE	H3	12	12
P84243	HISTONE H3.3	P42568	PROTEIN AF-9	YEATS_AF-9_LIKE	H3	4	4
P84243	HISTONE H3.3	P42568	PROTEIN AF-9	YEATS_AF-9_LIKE	H3	5	5
P84243	HISTONE H3.3	P42568	PROTEIN AF-9	YEATS_AF-9_LIKE	H3	6	6
P84243	HISTONE H3.3	P42568	PROTEIN AF-9	YEATS_AF-9_LIKE	H3	7	7
P84243	HISTONE H3.3	P42568	PROTEIN AF-9	YEATS_AF-9_LIKE	H3	8	8
P84243	HISTONE H3.3	P42568	PROTEIN AF-9	YEATS_AF-9_LIKE	H3	9	9
P84243	HISTONE H3.3	P46100	TRANSCRIPTIONAL REGULATOR ATRX	ADDZ_ATRX	H3	2	2
P84243	HISTONE H3.3	P46100	TRANSCRIPTIONAL REGULATOR ATRX	ADDZ_ATRX	H3	3	3
P84243	HISTONE H3.3	P46100	TRANSCRIPTIONAL REGULATOR ATRX	ADDZ_ATRX	H3	4	4
P84243	HISTONE H3.3	P46100	TRANSCRIPTIONAL REGULATOR ATRX	ADDZ_ATRX	H3	5	5
P84243	HISTONE H3.3	P46100	TRANSCRIPTIONAL REGULATOR ATRX	ADDZ_ATRX	H3	6	6
P84243	HISTONE H3.3	P46100	TRANSCRIPTIONAL REGULATOR ATRX	ADDZ_ATRX	H3	7	7
P84243	HISTONE H3.3	P46100	TRANSCRIPTIONAL REGULATOR ATRX	ADDZ_ATRX	H3	8	8
P84243	HISTONE H3.3	P46100	TRANSCRIPTIONAL REGULATOR ATRX	ADDZ_ATRX	H3	9	9
P84243	HISTONE H3.3	Q14149	MORC FAMILY CW-TYPE ZINC FINGER PROTEIN 3	ZF-CW	H3	2	2
P84243	HISTONE H3.3	Q14149	MORC FAMILY CW-TYPE ZINC FINGER PROTEIN 3	ZF-CW	H3	3	3
P84243	HISTONE H3.3	Q14149	MORC FAMILY CW-TYPE ZINC FINGER PROTEIN 3	ZF-CW	H3	4	4
P84243	HISTONE H3.3	Q14149	MORC FAMILY CW-TYPE ZINC FINGER PROTEIN 3	ZF-CW	H3	6	6
P84243	HISTONE H3.3	Q14149	MORC FAMILY CW-TYPE ZINC FINGER PROTEIN 3	ZF-CW	H3	7	7
P84243	HISTONE H3.3	Q14149	MORC FAMILY CW-TYPE ZINC FINGER PROTEIN 3	ZF-CW	H3	9	9
P84243	HISTONE H3.3	Q504Y3	ZINC FINGER CW-TYPE PWWP DOMAIN PROTEIN 2	ZF-CW	H3	2	2
P84243	HISTONE H3.3	Q504Y3	ZINC FINGER CW-TYPE PWWP DOMAIN PROTEIN 2	ZF-CW	H3	3	3
P84243	HISTONE H3.3	Q504Y3	ZINC FINGER CW-TYPE PWWP DOMAIN PROTEIN 2	ZF-CW	H3	4	4
P84243	HISTONE H3.3	Q504Y3	ZINC FINGER CW-TYPE PWWP DOMAIN PROTEIN 2	ZF-CW	H3	6	6
P84243	HISTONE H3.3	Q504Y3	ZINC FINGER CW-TYPE PWWP DOMAIN PROTEIN 2	ZF-CW	H3	7	7
P84243	HISTONE H3.3	Q86X55	HISTONE-ARGININE METHYLTRANSFERASE CARM1	ADOMET_MTASES	H3	14	14
P84243	HISTONE H3.3	Q86X55	HISTONE-ARGININE METHYLTRANSFERASE CARM1	ADOMET_MTASES	H3	16	16
P84243	HISTONE H3.3	Q86X55	HISTONE-ARGININE METHYLTRANSFERASE CARM1	ADOMET_MTASES	H3	17	17
P84243	HISTONE H3.3	Q86X55	HISTONE-ARGININE METHYLTRANSFERASE CARM1	ADOMET_MTASES	H3	18	18
P84243	HISTONE H3.3	Q86X55	HISTONE-ARGININE METHYLTRANSFERASE CARM1	ADOMET_MTASES	H3	19	19
P84243	HISTONE H3.3	Q8IZD2	INACTIVE HISTONE-LYSINE N-METHYLTRANSFERASE 2E	PHD_MLL5	H3	1	1
P84243	HISTONE H3.3	Q8IZD2	INACTIVE HISTONE-LYSINE N-METHYLTRANSFERASE 2E	PHD_MLL5	H3	2	2
P84243	HISTONE H3.3	Q8IZD2	INACTIVE HISTONE-LYSINE N-METHYLTRANSFERASE 2E	PHD_MLL5	H3	3	3
P84243	HISTONE H3.3	Q8IZD2	INACTIVE HISTONE-LYSINE N-METHYLTRANSFERASE 2E	PHD_MLL5	H3	5	5
P84243	HISTONE H3.3	Q8IZD2	INACTIVE HISTONE-LYSINE N-METHYLTRANSFERASE 2E	PHD_MLL5	H3	6	6
P84243	HISTONE H3.3	Q96T88	E3 UBIQUITIN-PROTEIN LIGASE UHRF1	PHD_UHRF1	H3	2	2
P84243	HISTONE H3.3	Q96T88	E3 UBIQUITIN-PROTEIN LIGASE UHRF1	PHD_UHRF1	H3	3	3
P84243	HISTONE H3.3	Q96T88	E3 UBIQUITIN-PROTEIN LIGASE UHRF1	PHD_UHRF1	H3	4	4
P84243	HISTONE H3.3	Q96T88	E3 UBIQUITIN-PROTEIN LIGASE UHRF1	PHD_UHRF1	H3	5	5
P84243	HISTONE H3.3	Q96T88	E3 UBIQUITIN-PROTEIN LIGASE UHRF1	PHD_UHRF1	H3	6	6
P84243	HISTONE H3.3	Q96T88	E3 UBIQUITIN-PROTEIN LIGASE UHRF1	PHD_UHRF1	H3	7	7
P84243	HISTONE H3.3	Q96T88	E3 UBIQUITIN-PROTEIN LIGASE UHRF1	PHD_UHRF1	H3	8	8
P84243	HISTONE H3.3	Q96T88	E3 UBIQUITIN-PROTEIN LIGASE UHRF1	TTD	H3	11	11
P84243	HISTONE H3.3	Q96T88	E3 UBIQUITIN-PROTEIN LIGASE UHRF1	TTD	H3	6	6
P84243	HISTONE H3.3	Q96T88	E3 UBIQUITIN-PROTEIN LIGASE UHRF1	TTD	H3	9	9
P84243	HISTONE H3.3	Q9BYW2	HISTONE-LYSINE N-METHYLTRANSFERASE SETD2	AWS	H3	41	42
P84243	HISTONE H3.3	Q9BYW2	HISTONE-LYSINE N-METHYLTRANSFERASE SETD2	POSTSET	H3	31	31
P84243	HISTONE H3.3	Q9BYW2	HISTONE-LYSINE N-METHYLTRANSFERASE SETD2	POSTSET	H3	32	32
P84243	HISTONE H3.3	Q9BYW2	HISTONE-LYSINE N-METHYLTRANSFERASE SETD2	POSTSET	H3	33	33
P84243	HISTONE H3.3	Q9BYW2	HISTONE-LYSINE N-METHYLTRANSFERASE SETD2	SET	H3	30	30
P84243	HISTONE H3.3	Q9BYW2	HISTONE-LYSINE N-METHYLTRANSFERASE SETD2	SET	H3	31	31
P84243	HISTONE H3.3	Q9BYW2	HISTONE-LYSINE N-METHYLTRANSFERASE SETD2	SET	H3	32	32
P84243	HISTONE H3.3	Q9BYW2	HISTONE-LYSINE N-METHYLTRANSFERASE SETD2	SET	H3	33	33
P84243	HISTONE H3.3	Q9BYW2	HISTONE-LYSINE N-METHYLTRANSFERASE SETD2	SET	H3	34	34
P84243	HISTONE H3.3	Q9BYW2	HISTONE-LYSINE N-METHYLTRANSFERASE SETD2	SET	H3	35	35
P84243	HISTONE H3.3	Q9BYW2	HISTONE-LYSINE N-METHYLTRANSFERASE SETD2	SET	H3	36	36
P84243	HISTONE H3.3	Q9BYW2	HISTONE-LYSINE N-METHYLTRANSFERASE SETD2	SET	H3	37	37
P84243	HISTONE H3.3	Q9BYW2	HISTONE-LYSINE N-METHYLTRANSFERASE SETD2	SET	H3	38	38
P84243	HISTONE H3.3	Q9BYW2	HISTONE-LYSINE N-METHYLTRANSFERASE SETD2	SET	H3	39	39
P84243	HISTONE H3.3	Q9BYW2	HISTONE-LYSINE N-METHYLTRANSFERASE SETD2	SET	H3	40	40
P84243	HISTONE H3.3	Q9BYW2	HISTONE-LYSINE N-METHYLTRANSFERASE SETD2	SET	H3	41	42
P84243	HISTONE H3.3	Q9BYW2	HISTONE-LYSINE N-METHYLTRANSFERASE SETD2	SET	H3	42	43
P84243	HISTONE H3.3	Q9BZ95	HISTONE-LYSINE N-METHYLTRANSFERASE NSD3	PHD5_NSD3	H3	10	10
P84243	HISTONE H3.3	Q9BZ95	HISTONE-LYSINE N-METHYLTRANSFERASE NSD3	PHD5_NSD3	H3	2	2
P84243	HISTONE H3.3	Q9BZ95	HISTONE-LYSINE N-METHYLTRANSFERASE NSD3	PHD5_NSD3	H3	3	3
P84243	HISTONE H3.3	Q9BZ95	HISTONE-LYSINE N-METHYLTRANSFERASE NSD3	PHD5_NSD3	H3	4	4
P84243	HISTONE H3.3	Q9BZ95	HISTONE-LYSINE N-METHYLTRANSFERASE NSD3	PHD5_NSD3	H3	5	5
P84243	HISTONE H3.3	Q9BZ95	HISTONE-LYSINE N-METHYLTRANSFERASE NSD3	PHD5_NSD3	H3	6	6
P84243	HISTONE H3.3	Q9BZ95	HISTONE-LYSINE N-METHYLTRANSFERASE NSD3	PHD5_NSD3	H3	7	7
P84243	HISTONE H3.3	Q9BZ95	HISTONE-LYSINE N-METHYLTRANSFERASE NSD3	PHD5_NSD3	H3	8	8
P84243	HISTONE H3.3	Q9BZ95	HISTONE-LYSINE N-METHYLTRANSFERASE NSD3	PHD5_NSD3	H3	9	9
P84243	HISTONE H3.3	Q9Y6K1	DNA (CYTOSINE-5)-METHYLTRANSFERASE 3A	ADDZ_DNMT3A	H3	10	10
P84243	HISTONE H3.3	Q9Y6K1	DNA (CYTOSINE-5)-METHYLTRANSFERASE 3A	ADDZ_DNMT3A	H3	2	2
P84243	HISTONE H3.3	Q9Y6K1	DNA (CYTOSINE-5)-METHYLTRANSFERASE 3A	ADDZ_DNMT3A	H3	3	3
P84243	HISTONE H3.3	Q9Y6K1	DNA (CYTOSINE-5)-METHYLTRANSFERASE 3A	ADDZ_DNMT3A	H3	4	4
P84243	HISTONE H3.3	Q9Y6K1	DNA (CYTOSINE-5)-METHYLTRANSFERASE 3A	ADDZ_DNMT3A	H3	5	5
P84243	HISTONE H3.3	Q9Y6K1	DNA (CYTOSINE-5)-METHYLTRANSFERASE 3A	ADDZ_DNMT3A	H3	6	6
P84243	HISTONE H3.3	Q9Y6K1	DNA (CYTOSINE-5)-METHYLTRANSFERASE 3A	ADDZ_DNMT3A	H3	7	7
P84243	HISTONE H3.3	Q9Y6K1	DNA (CYTOSINE-5)-METHYLTRANSFERASE 3A	ADDZ_DNMT3A	H3	8	8
P84243	HISTONE H3.3	Q9Y6K1	DNA (CYTOSINE-5)-METHYLTRANSFERASE 3A	ADDZ_DNMT3A	H3	9	9
Q16695	HISTONE H3.1T	O75164	LYSINE-SPECIFIC DEMETHYLASE 4A	JMJC	H3	27	27
Q16695	HISTONE H3.1T	O75164	LYSINE-SPECIFIC DEMETHYLASE 4A	JMJC	H3	29	29
Q16695	HISTONE H3.1T	O75164	LYSINE-SPECIFIC DEMETHYLASE 4A	JMJC	H3	36	36
Q16695	HISTONE H3.1T	O75164	LYSINE-SPECIFIC DEMETHYLASE 4A	JMJC	H3	38	38
Q16695	HISTONE H3.1T	O75164	LYSINE-SPECIFIC DEMETHYLASE 4A	JMJC	H3	39	39
Q16695	HISTONE H3.1T	O75164	LYSINE-SPECIFIC DEMETHYLASE 4A	JMJC	H3	42	43
Q3BDD9	HISTONE H3	Q96T88	E3 UBIQUITIN-PROTEIN LIGASE UHRF1	TTD	H3	11	11
Q3BDD9	HISTONE H3	Q96T88	E3 UBIQUITIN-PROTEIN LIGASE UHRF1	TTD	H3	12	12
Q3BDD9	HISTONE H3	Q96T88	E3 UBIQUITIN-PROTEIN LIGASE UHRF1	TTD	H3	2	2
Q3BDD9	HISTONE H3	Q96T88	E3 UBIQUITIN-PROTEIN LIGASE UHRF1	TTD	H3	3	3
Q3BDD9	HISTONE H3	Q96T88	E3 UBIQUITIN-PROTEIN LIGASE UHRF1	TTD	H3	4	4
Q3BDD9	HISTONE H3	Q96T88	E3 UBIQUITIN-PROTEIN LIGASE UHRF1	TTD	H3	5	5
Q3BDD9	HISTONE H3	Q96T88	E3 UBIQUITIN-PROTEIN LIGASE UHRF1	TTD	H3	6	6
Q3BDD9	HISTONE H3	Q96T88	E3 UBIQUITIN-PROTEIN LIGASE UHRF1	TTD	H3	7	7
Q3BDD9	HISTONE H3	Q96T88	E3 UBIQUITIN-PROTEIN LIGASE UHRF1	TTD	H3	8	8
Q3BDD9	HISTONE H3	Q96T88	E3 UBIQUITIN-PROTEIN LIGASE UHRF1	TTD	H3	9	9
Q3BDD9	HISTONE H3	Q9Y657	SPINDLIN-1	SPIN-SSTY	H3	2	2
Q3BDD9	HISTONE H3	Q9Y657	SPINDLIN-1	SPIN-SSTY	H3	3	3
Q3BDD9	HISTONE H3	Q9Y657	SPINDLIN-1	SPIN-SSTY	H3	4	4
Q3BDD9	HISTONE H3	Q9Y657	SPINDLIN-1	SPIN-SSTY	H3	6	6
Q3BDD9	HISTONE H3	Q9Y657	SPINDLIN-1	SPIN-SSTY	H3	9	9
Q6NXT2	HISTONE H3.3C	Q8NEZ4	HISTONE-LYSINE N-METHYLTRANSFERASE 2C	SET	H3	2	2
Q6NXT2	HISTONE H3.3C	Q8NEZ4	HISTONE-LYSINE N-METHYLTRANSFERASE 2C	SET	H3	3	3
Q6NXT2	HISTONE H3.3C	Q8NEZ4	HISTONE-LYSINE N-METHYLTRANSFERASE 2C	SET	H3	4	4
Q6NXT2	HISTONE H3.3C	Q8NEZ4	HISTONE-LYSINE N-METHYLTRANSFERASE 2C	SET	H3	5	5
Q6NXT2	HISTONE H3.3C	Q8NEZ4	HISTONE-LYSINE N-METHYLTRANSFERASE 2C	SET	H3	6	6
Q6NXT2	HISTONE H3.3C	Q8NEZ4	HISTONE-LYSINE N-METHYLTRANSFERASE 2C	SET	H3	7	7
Q6NXT2	HISTONE H3.3C	Q9UPP1	HISTONE LYSINE DEMETHYLASE PHF8	JMJC	H3	11	11
Q6NXT2	HISTONE H3.3C	Q9UPP1	HISTONE LYSINE DEMETHYLASE PHF8	JMJC	H3	12	12
Q6NXT2	HISTONE H3.3C	Q9UPP1	HISTONE LYSINE DEMETHYLASE PHF8	JMJC	H3	8	8
Q6NXT2	HISTONE H3.3C	Q9UPP1	HISTONE LYSINE DEMETHYLASE PHF8	JMJC	H3	9	9
Q71DI3	HISTONE H3.2	P55201	PEREGRIN	BR140_RELATED	H3	26	26
Q71DI3	HISTONE H3.2	P55201	PEREGRIN	BR140_RELATED	H3	27	27
Q71DI3	HISTONE H3.2	P55201	PEREGRIN	BR140_RELATED	H3	29	29
Q71DI3	HISTONE H3.2	P55201	PEREGRIN	BR140_RELATED	H3	30	30
Q71DI3	HISTONE H3.2	P55201	PEREGRIN	BR140_RELATED	H3	31	31
Q71DI3	HISTONE H3.2	P55201	PEREGRIN	BR140_RELATED	H3	32	32
Q71DI3	HISTONE H3.2	P55201	PEREGRIN	BR140_RELATED	H3	33	33
Q71DI3	HISTONE H3.2	P55201	PEREGRIN	BR140_RELATED	H3	34	34
Q71DI3	HISTONE H3.2	P55201	PEREGRIN	BR140_RELATED	H3	35	35
Q71DI3	HISTONE H3.2	P55201	PEREGRIN	BR140_RELATED	H3	36	36
Q71DI3	HISTONE H3.2	P55201	PEREGRIN	BR140_RELATED	H3	38	38
Q71DI3	HISTONE H3.2	P55201	PEREGRIN	BR140_RELATED	H3	39	39
Q71DI3	HISTONE H3.2	P55201	PEREGRIN	BR140_RELATED	H3	41	42
Q71DI3	HISTONE H3.2	P55201	PEREGRIN	BR140_RELATED	H3	42	43
Q71DI3	HISTONE H3.2	Q96T88	E3 UBIQUITIN-PROTEIN LIGASE UHRF1	TTD	H3	11	11
Q71DI3	HISTONE H3.2	Q96T88	E3 UBIQUITIN-PROTEIN LIGASE UHRF1	TTD	H3	9	9
Q71DI3	HISTONE H3.2	Q99549	M-PHASE PHOSPHOPROTEIN 8	CD_MMP8	H3	10	10
Q71DI3	HISTONE H3.2	Q99549	M-PHASE PHOSPHOPROTEIN 8	CD_MMP8	H3	4	4
Q71DI3	HISTONE H3.2	Q99549	M-PHASE PHOSPHOPROTEIN 8	CD_MMP8	H3	5	5
Q71DI3	HISTONE H3.2	Q99549	M-PHASE PHOSPHOPROTEIN 8	CD_MMP8	H3	6	6
Q71DI3	HISTONE H3.2	Q99549	M-PHASE PHOSPHOPROTEIN 8	CD_MMP8	H3	7	7
Q71DI3	HISTONE H3.2	Q99549	M-PHASE PHOSPHOPROTEIN 8	CD_MMP8	H3	8	8
Q71DI3	HISTONE H3.2	Q9UBC3	DNA (CYTOSINE-5)-METHYLTRANSFERASE 3B	DNMT3B_RELATED	H3	32	32
Q71DI3	HISTONE H3.2	Q9UBC3	DNA (CYTOSINE-5)-METHYLTRANSFERASE 3B	DNMT3B_RELATED	H3	33	33
Q71DI3	HISTONE H3.2	Q9UBC3	DNA (CYTOSINE-5)-METHYLTRANSFERASE 3B	DNMT3B_RELATED	H3	34	34
Q71DI3	HISTONE H3.2	Q9UBC3	DNA (CYTOSINE-5)-METHYLTRANSFERASE 3B	DNMT3B_RELATED	H3	35	35
Q71DI3	HISTONE H3.2	Q9UBC3	DNA (CYTOSINE-5)-METHYLTRANSFERASE 3B	DNMT3B_RELATED	H3	37	37
Q71DI3	HISTONE H3.2	Q9UBC3	DNA (CYTOSINE-5)-METHYLTRANSFERASE 3B	DNMT3B_RELATED	H3	38	38
Q71DI3	HISTONE H3.2	Q9Y657	SPINDLIN-1	SPIN-SSTY	H3	10	10
Q71DI3	HISTONE H3.2	Q9Y657	SPINDLIN-1	SPIN-SSTY	H3	2	2
Q71DI3	HISTONE H3.2	Q9Y657	SPINDLIN-1	SPIN-SSTY	H3	3	3
Q71DI3	HISTONE H3.2	Q9Y657	SPINDLIN-1	SPIN-SSTY	H3	4	4
Q71DI3	HISTONE H3.2	Q9Y657	SPINDLIN-1	SPIN-SSTY	H3	6	6
Q71DI3	HISTONE H3.2	Q9Y657	SPINDLIN-1	SPIN-SSTY	H3	8	8
Q71DI3	HISTONE H3.2	Q9Y657	SPINDLIN-1	SPIN-SSTY	H3	9	9
Q9BTM1	HISTONE H2A.J	Q9UQR0	SEX COMB ON MIDLEG-LIKE PROTEIN 2	MBT	H2A	35	38
Q9BTM1	HISTONE H2A.J	Q9UQR0	SEX COMB ON MIDLEG-LIKE PROTEIN 2	MBT	H2A	36	39
Q9BTM1	HISTONE H2A.J	Q9UQR0	SEX COMB ON MIDLEG-LIKE PROTEIN 2	MBT	H2A	38	41