shared_name	name	avg_shortest_path_length	clustering_coefficient	closeness_centrality	isSingleNode	partnerOfMultiEdgedNodePairs	selfLoops	eccentricity	stress	degree	betweenness_centrality	neighborhoodConnectivity	numberOfDirectedEdges	numberOfUndirectedEdges	radiality	topological coefficient
Ubiquitin carboxyl-terminal hydrolase RPN11	Ubiquitin carboxyl-terminal hydrolase RPN11	6.18918919	0.41911765	0.16157205	false	0	0	15	178106908	17	0.47288627	10.94117647	17	0	0.79243243	0.25770308
13 kDa ribonucleoprotein-associated protein	13 kDa ribonucleoprotein-associated protein	7.23783784	0.20952381	0.13816281	false	0	0	20	162742518	15	0.27209476	9.0	15	0	0.75048649	0.14408602
26S proteasome complex subunit SEM1	26S proteasome complex subunit SEM1	7.01441441	0.46666667	0.14256358	false	0	0	13	152591230	6	0.3706638	8.33333333	6	0	0.75942342	0.36231884
Nuclear mRNA export protein SAC3	Nuclear mRNA export protein SAC3	7.52972973	0.4	0.13280689	false	0	0	13	152309248	5	0.36508277	4.6	5	0	0.73881081	0.30666667
Transcription and mRNA export factor SUS1	Transcription and mRNA export factor SUS1	8.05765766	0.38095238	0.12410555	false	0	0	14	151936338	7	0.35773246	3.85714286	7	0	0.71769369	0.35064935
Ubiquitin carboxyl-terminal hydrolase 8	Ubiquitin carboxyl-terminal hydrolase 8	8.6018018	0.5	0.11625471	false	0	0	15	151563360	4	0.34962761	6.25	4	0	0.69592793	0.375
H4	H4	9.15315315	0.02222222	0.10925197	false	0	0	16	151487776	10	0.35153162	3.1	10	0	0.67387387	0.14375
H3	H3	10.37837838	0.03030303	0.09635417	false	0	0	18	144814930	12	0.27861681	3.16666667	12	0	0.62486486	0.12719298
Transcription initiation factor TFIID subunit 14	Transcription initiation factor TFIID subunit 14	11.07387387	0.5	0.09030264	false	0	0	19	140441922	5	0.25739534	13.4	5	0	0.59704505	0.30697674
Ubiquitin-60S ribosomal protein L40	Ubiquitin-60S ribosomal protein L40	6.1045045	0.21428571	0.16381346	false	0	0	16	105433052	8	0.29120601	8.875	8	0	0.79581982	0.18351064
Pre-mRNA-splicing factor 8	Pre-mRNA-splicing factor 8	8.74054054	0.08943089	0.1144094	false	0	0	22	93296834	42	0.10551489	6.21428571	42	0	0.69037838	0.08718981
40S ribosomal protein S23-A	40S ribosomal protein S23-A	6.34594595	0.11111111	0.15758092	false	0	0	18	73916074	18	0.12021519	8.55555556	18	0	0.78616216	0.12336601
Ubiquitin-40S ribosomal protein S31	Ubiquitin-40S ribosomal protein S31	6.16576577	0.16666667	0.16218586	false	0	0	16	72675966	9	0.18790776	8.77777778	9	0	0.79336937	0.17361111
DNA-directed RNA polymerase II subunit RPB2	DNA-directed RNA polymerase II subunit RPB2	11.81801802	0.20467836	0.08461656	false	0	0	20	72412786	19	0.11096914	7.57894737	19	0	0.56727928	0.14299901
Pre-mRNA-splicing helicase BRR2	Pre-mRNA-splicing helicase BRR2	7.95855856	0.1978022	0.12565089	false	0	0	21	70473628	14	0.13213038	9.71428571	14	0	0.72165766	0.12781955
Elongation factor 2	Elongation factor 2	6.14414414	0.13333333	0.1627566	false	0	0	17	70043090	10	0.10216669	10.7	10	0	0.79423423	0.16666667
40S ribosomal protein S9-A	40S ribosomal protein S9-A	6.67567568	0.25641026	0.14979757	false	0	0	19	67458078	13	0.13218461	10.07692308	13	0	0.77297297	0.16519546
DNA-directed RNA polymerase II subunit RPB1	DNA-directed RNA polymerase II subunit RPB1	11.8036036	0.11640212	0.08471989	false	0	0	20	64646620	28	0.14343807	6.14285714	28	0	0.56785586	0.1138814
26S proteasome regulatory subunit RPN6	26S proteasome regulatory subunit RPN6	6.53153153	0.66666667	0.15310345	false	0	0	14	39473460	9	0.11605482	12.33333333	9	0	0.77873874	0.37373737
40S ribosomal protein S24-A	40S ribosomal protein S24-A	6.46846847	0.21818182	0.1545961	false	0	0	18	39030656	11	0.06957602	7.72727273	11	0	0.78126126	0.18403548
40S ribosomal protein S30-A	40S ribosomal protein S30-A	6.39279279	0.24444444	0.15642616	false	0	0	18	38772152	10	0.04953898	11.7	10	0	0.78428829	0.18
U4/U6 small nuclear ribonucleoprotein PRP3	U4/U6 small nuclear ribonucleoprotein PRP3	7.99279279	0.27272727	0.12511271	false	0	0	21	38536994	11	0.06710283	11.18181818	11	0	0.72028829	0.15974026
26S proteasome regulatory subunit RPN7	26S proteasome regulatory subunit RPN7	6.57477477	0.6	0.15209646	false	0	0	14	38232284	10	0.09018173	12.0	10	0	0.77700901	0.38709677
26S proteasome regulatory subunit RPN8	26S proteasome regulatory subunit RPN8	6.57117117	0.52747253	0.15217987	false	0	0	14	38149582	14	0.08882307	10.42857143	14	0	0.77715315	0.35960591
26S proteasome regulatory subunit RPN3	26S proteasome regulatory subunit RPN3	6.61441441	0.75	0.15118496	false	0	0	14	37954380	9	0.07967131	11.66666667	9	0	0.77542342	0.44871795
U3 small nucleolar RNA-associated protein 11	U3 small nucleolar RNA-associated protein 11	6.83603604	0.29487179	0.14628361	false	0	0	19	33978124	13	0.05148972	10.92307692	13	0	0.76655856	0.17617866
Regulatory protein SIR3	Regulatory protein SIR3	9.76396396	0.0	0.10241742	false	0	0	17	31586912	5	0.07961125	6.4	5	0	0.64944144	0.28421053
Transcription regulatory protein SNF2	Transcription regulatory protein SNF2	9.78558559	0.16666667	0.10219113	false	0	0	17	29445804	4	0.06302625	7.0	4	0	0.64857658	0.34210526
Histone chaperone ASF1	Histone chaperone ASF1	9.79099099	0.16666667	0.10213471	false	0	0	17	29346608	4	0.05918414	6.5	4	0	0.64836036	0.35294118
DNA-directed RNA polymerases I, II, and III subunit RPABC2	DNA-directed RNA polymerases I, II, and III subunit RPABC2	12.67567568	0.3030303	0.07889126	false	0	0	21	29164472	12	0.02833692	12.25	12	0	0.53297297	0.20762712
Histone acetyltransferase type B subunit 2	Histone acetyltransferase type B subunit 2	9.79459459	0.33333333	0.10209713	false	0	0	17	29055014	3	0.05288651	8.0	3	0	0.64821622	0.45098039
Chromo domain-containing protein 1	Chromo domain-containing protein 1	9.7963964	0.0	0.10207835	false	0	0	17	29054396	2	0.05225447	11.0	2	0	0.64814414	0.625
Pre-mRNA-splicing factor 6	Pre-mRNA-splicing factor 6	8.03603604	0.38095238	0.12443946	false	0	0	21	25855894	7	0.03166945	11.14285714	7	0	0.71855856	0.2025974
O26359:#Probable translation initiation factor IF-2#P39730:#Eukaryotic translation initiation factor 5B	O26359:#Probable translation initiation factor IF-2#P39730:#Eukaryotic translation initiation factor 5B	6.22882883	0.06666667	0.16054382	false	0	0	17	25177710	6	0.04400231	12.5	6	0	0.79084685	0.24652778
Eukaryotic translation initiation factor 5B	Eukaryotic translation initiation factor 5B	6.32612613	0.1	0.15807462	false	0	0	17	24935192	5	0.06517857	11.4	5	0	0.78695495	0.27
Pre-mRNA-processing factor 31	Pre-mRNA-processing factor 31	8.02162162	0.6	0.12466307	false	0	0	21	24335016	6	0.02558009	13.83333333	6	0	0.71913514	0.23446328
Something about silencing protein 10	Something about silencing protein 10	6.85045045	0.32727273	0.1459758	false	0	0	19	24227988	11	0.0345831	10.72727273	11	0	0.76598198	0.18181818
Suppressor protein STM1	Suppressor protein STM1	6.20720721	0.18095238	0.16110305	false	0	0	17	21312136	15	0.08262662	8.8	15	0	0.79171171	0.13435897
rRNA 2'-O-methyltransferase fibrillarin	rRNA 2'-O-methyltransferase fibrillarin	6.89189189	0.30909091	0.14509804	false	0	0	19	19481936	11	0.02635379	9.63636364	11	0	0.76432432	0.18531469
DNA-directed RNA polymerases I, II, and III subunit RPABC3	DNA-directed RNA polymerases I, II, and III subunit RPABC3	12.68648649	0.38888889	0.07882403	false	0	0	21	19441838	9	0.01657807	13.55555556	9	0	0.53254054	0.23781676
Ribosomal RNA-processing protein 9	Ribosomal RNA-processing protein 9	6.8954955	0.53333333	0.14502221	false	0	0	19	19285540	6	0.03230933	9.5	6	0	0.76418018	0.26388889
DNA-directed RNA polymerases I, II, and III subunit RPABC4	DNA-directed RNA polymerases I, II, and III subunit RPABC4	12.7045045	0.25757576	0.07871224	false	0	0	21	17499818	12	0.03585172	10.08333333	12	0	0.53181982	0.20166667
DNA-directed RNA polymerase I subunit RPA190	DNA-directed RNA polymerase I subunit RPA190	13.58918919	0.30769231	0.07358791	false	0	0	22	17013692	14	0.00979987	8.21428571	14	0	0.49643243	0.22200772
Elongation factor 1 alpha-like protein	Elongation factor 1 alpha-like protein	6.18738739	0.26666667	0.1616191	false	0	0	17	15393662	6	0.02982903	13.66666667	6	0	0.7925045	0.22777778
DNA-directed RNA polymerase III subunit RPC2	DNA-directed RNA polymerase III subunit RPC2	13.58918919	0.23529412	0.07358791	false	0	0	22	14582140	17	0.0116441	7.23529412	17	0	0.49643243	0.21280277
DNA-directed RNA polymerases I, II, and III subunit RPABC1	DNA-directed RNA polymerases I, II, and III subunit RPABC1	12.68648649	0.28888889	0.07882403	false	0	0	21	14582058	10	0.01533643	10.9	10	0	0.53254054	0.19818182
Small nuclear ribonucleoprotein Sm D2	Small nuclear ribonucleoprotein Sm D2	8.82162162	0.32142857	0.11335784	false	0	0	22	12171822	8	0.02628804	12.375	8	0	0.68713514	0.19335938
U2 snRNP component HSH155	U2 snRNP component HSH155	8.82882883	0.24358974	0.11326531	false	0	0	22	11157270	13	0.01668838	10.23076923	13	0	0.68684685	0.16645649
40S ribosomal protein S16-A	40S ribosomal protein S16-A	6.64324324	0.15384615	0.15052889	false	0	0	18	10726122	14	0.03899058	8.71428571	14	0	0.77427027	0.14285714
40S ribosomal protein S15	40S ribosomal protein S15	6.35135135	0.27272727	0.15744681	false	0	0	17	10304948	11	0.02982322	8.81818182	11	0	0.78594595	0.1916996
Small nuclear ribonucleoprotein Sm D1	Small nuclear ribonucleoprotein Sm D1	8.81981982	0.25	0.113381	false	0	0	22	10143188	9	0.03127891	11.0	9	0	0.68720721	0.17283951
DNA-directed RNA polymerase I subunit RPA135	DNA-directed RNA polymerase I subunit RPA135	13.5963964	0.34065934	0.0735489	false	0	0	22	9722022	14	0.0055939	7.71428571	14	0	0.49614414	0.23376623
DNA-directed RNA polymerase III subunit RPC1	DNA-directed RNA polymerase III subunit RPC1	13.6036036	0.2967033	0.07350993	false	0	0	22	8749800	14	0.00531618	7.78571429	14	0	0.49585586	0.2289916
DNA-directed RNA polymerases I, II, and III subunit RPABC5	DNA-directed RNA polymerases I, II, and III subunit RPABC5	12.72972973	0.47619048	0.07855626	false	0	0	21	8262192	7	0.00889591	12.0	7	0	0.53081081	0.27272727
Transcription initiation factor IIE subunit alpha	Transcription initiation factor IIE subunit alpha	12.73513514	0.42857143	0.07852292	false	0	0	21	7779696	7	0.01702901	10.57142857	7	0	0.53059459	0.27819549
Pre-mRNA-splicing factor CEF1	Pre-mRNA-splicing factor CEF1	9.67207207	0.3	0.10339046	false	0	0	23	7606268	16	0.00559937	9.6875	16	0	0.65311712	0.16995614
Proteasome subunit beta type-2	Proteasome subunit beta type-2	8.16576577	0.15873016	0.12246249	false	0	0	16	7332840	36	0.03588483	8.30555556	36	0	0.71336937	0.15380658
General transcription and DNA repair factor IIH subunit TFB1	General transcription and DNA repair factor IIH subunit TFB1	13.70810811	0.33333333	0.07294953	false	0	0	22	7293846	4	0.01781474	4.5	4	0	0.49167568	0.375
U1 small nuclear ribonucleoprotein 70 kDa homolog	U1 small nuclear ribonucleoprotein 70 kDa homolog	9.76576577	0.36111111	0.10239852	false	0	0	23	7100158	9	0.00814395	7.11111111	9	0	0.64936937	0.28444444
Proteasome subunit alpha type-1	Proteasome subunit alpha type-1	7.56036036	0.41904762	0.13226883	false	0	0	16	6726140	15	0.02227676	14.93333333	15	0	0.73758559	0.22974359
26S proteasome regulatory subunit 4 homolog	26S proteasome regulatory subunit 4 homolog	6.72252252	0.45833333	0.14875369	false	0	0	15	6151594	16	0.04026886	13.625	16	0	0.7710991	0.26715686
Pre-mRNA-processing protein 45	Pre-mRNA-processing protein 45	9.68468468	0.29166667	0.10325581	false	0	0	23	6085398	16	0.00306704	9.625	16	0	0.65261261	0.17824074
26S proteasome regulatory subunit 7 homolog	26S proteasome regulatory subunit 7 homolog	6.96936937	0.425	0.14348501	false	0	0	16	6062508	16	0.03769336	13.0625	16	0	0.76122523	0.26530612
40S ribosomal protein S29-A	40S ribosomal protein S29-A	6.40720721	0.25	0.15607424	false	0	0	17	5890866	9	0.03281043	9.11111111	9	0	0.78371171	0.20707071
RNA polymerase I-specific transcription initiation factor RRN11	RNA polymerase I-specific transcription initiation factor RRN11	14.56396396	0.4	0.06866263	false	0	0	23	5833328	5	0.00353302	8.4	5	0	0.45744144	0.39047619
Protein LUC7	Protein LUC7	9.78018018	0.32142857	0.10224761	false	0	0	23	5578894	8	0.01179305	6.25	8	0	0.64879279	0.3125
Cold sensitive U2 snRNA suppressor 1	Cold sensitive U2 snRNA suppressor 1	8.87747748	0.41666667	0.11264461	false	0	0	22	5577396	9	0.00626655	9.0	9	0	0.6849009	0.23076923
40S ribosomal protein S2	40S ribosomal protein S2	6.52252252	0.27777778	0.15331492	false	0	0	18	4961412	9	0.01494526	10.11111111	9	0	0.7790991	0.19607843
Proteasome subunit beta type-1	Proteasome subunit beta type-1	8.45045045	0.09881423	0.11833689	false	0	0	17	4775502	23	0.0131611	7.04347826	23	0	0.70198198	0.14673913
Proteasome subunit alpha type-5	Proteasome subunit alpha type-5	7.54954955	0.18571429	0.13245823	false	0	0	16	4668774	21	0.03758744	10.66666667	21	0	0.73801802	0.16410256
Proteasome subunit alpha type-2	Proteasome subunit alpha type-2	7.31351351	0.37362637	0.13673319	false	0	0	15	4668018	14	0.04655335	16.42857143	14	0	0.74745946	0.24520256
RNA polymerase I-specific transcription initiation factor RRN7	RNA polymerase I-specific transcription initiation factor RRN7	13.65225225	0.27777778	0.07324799	false	0	0	22	4377702	9	0.01864543	7.0	9	0	0.49390991	0.24137931
General transcription and DNA repair factor IIH subunit TFB4	General transcription and DNA repair factor IIH subunit TFB4	14.69189189	0.33333333	0.06806475	false	0	0	23	4376334	3	0.01077178	3.33333333	3	0	0.45232432	0.42857143
26S proteasome regulatory subunit 6A	26S proteasome regulatory subunit 6A	6.73513514	0.51282051	0.14847512	false	0	0	15	4156808	13	0.02641194	14.30769231	13	0	0.77059459	0.30441899
U1 small nuclear ribonucleoprotein component PRP42	U1 small nuclear ribonucleoprotein component PRP42	10.6990991	0.44444444	0.09346581	false	0	0	24	4058416	9	0.00431395	6.55555556	9	0	0.61203604	0.34502924
23 kDa U4/U6.U5 small nuclear ribonucleoprotein component	23 kDa U4/U6.U5 small nuclear ribonucleoprotein component	8.85405405	0.33333333	0.11294261	false	0	0	22	4056872	4	0.00680269	16.75	4	0	0.68583784	0.32352941
Pre-mRNA-splicing factor BUD31	Pre-mRNA-splicing factor BUD31	9.71171171	0.53333333	0.10296846	false	0	0	23	4056166	6	0.00105364	14.66666667	6	0	0.65153153	0.30555556
Pre-mRNA-splicing factor CWC2	Pre-mRNA-splicing factor CWC2	9.70810811	0.66666667	0.10300668	false	0	0	23	4056106	7	0.00103869	13.28571429	7	0	0.65167568	0.27678571
Transcription initiation factor IIE subunit beta	Transcription initiation factor IIE subunit beta	12.76036036	0.3	0.07836769	false	0	0	21	3889314	5	0.00844797	9.6	5	0	0.52958559	0.26857143
60S ribosomal protein L9-A	60S ribosomal protein L9-A	6.38918919	0.125	0.15651438	false	0	0	17	3767512	16	0.08456232	6.9375	16	0	0.78443243	0.14322917
Proteasome subunit beta type-6	Proteasome subunit beta type-6	8.42342342	0.15120968	0.11871658	false	0	0	17	3560462	32	0.01482475	8.125	32	0	0.70306306	0.14772727
Pre-mRNA-splicing factor PRP11	Pre-mRNA-splicing factor PRP11	9.68648649	0.36111111	0.10323661	false	0	0	23	3549674	9	0.00279824	11.66666667	9	0	0.65254054	0.20467836
H2A	H2A	10.6972973	0.06666667	0.09348156	false	0	0	18	3505508	6	0.03378272	4.33333333	6	0	0.61210811	0.28205128
Proteasome subunit alpha type-3	Proteasome subunit alpha type-3	7.56036036	0.45054945	0.13226883	false	0	0	16	3275848	14	0.01226773	16.5	14	0	0.73758559	0.25
Small nuclear ribonucleoprotein Sm D3	Small nuclear ribonucleoprotein Sm D3	9.75135135	0.32142857	0.10254989	false	0	0	23	3044760	8	0.00405484	7.75	8	0	0.64994595	0.22727273
Pre-mRNA-splicing factor RSE1	Pre-mRNA-splicing factor RSE1	8.9027027	0.42857143	0.11232544	false	0	0	22	3042446	8	0.00502295	7.5	8	0	0.68389189	0.27777778
Proteasome subunit beta type-5	Proteasome subunit beta type-5	8.42162162	0.15268817	0.11874198	false	0	0	17	2981798	31	0.01300606	8.09677419	31	0	0.70313514	0.14458525
Proteasome subunit beta type-3	Proteasome subunit beta type-3	8.18378378	0.18472906	0.12219287	false	0	0	16	2968652	29	0.01703668	8.75862069	29	0	0.71264865	0.16843501
Transcription initiation factor IIB	Transcription initiation factor IIB	12.6990991	0.28571429	0.07874574	false	0	0	21	2918132	7	0.00689138	11.85714286	7	0	0.53203604	0.25465839
General transcription and DNA repair factor IIH subunit TFB2	General transcription and DNA repair factor IIH subunit TFB2	15.68288288	0.33333333	0.06376379	false	0	0	24	2917560	3	0.0071942	2.33333333	3	0	0.41268468	0.5
26S proteasome subunit RPT4	26S proteasome subunit RPT4	6.76216216	0.62121212	0.14788169	false	0	0	15	2801166	12	0.01034987	14.0	12	0	0.76951351	0.38888889
Probable proteasome subunit alpha type-7	Probable proteasome subunit alpha type-7	7.57297297	0.42857143	0.13204854	false	0	0	16	2719344	14	0.01039284	13.21428571	14	0	0.73708108	0.22397094
U1 small nuclear ribonucleoprotein C	U1 small nuclear ribonucleoprotein C	10.6972973	0.4	0.09348156	false	0	0	24	2536472	10	0.00189302	6.3	10	0	0.61210811	0.33157895
Proteasome subunit alpha type-6	Proteasome subunit alpha type-6	7.55315315	0.30147059	0.13239504	false	0	0	16	2493086	17	0.01750734	11.58823529	17	0	0.73787387	0.17295874
Mediator of RNA polymerase II transcription subunit 7	Mediator of RNA polymerase II transcription subunit 7	12.78018018	0.46428571	0.07824616	false	0	0	21	2431886	8	0.01088799	7.875	8	0	0.52879279	0.23863636
RNA polymerase II transcription factor B subunit 3	RNA polymerase II transcription factor B subunit 3	13.67927928	0.33333333	0.07310327	false	0	0	22	2430478	4	0.00359222	5.25	4	0	0.49282883	0.41666667
Vacuolar protein sorting-associated protein 71	Vacuolar protein sorting-associated protein 71	11.30810811	0.28571429	0.08843212	false	0	0	19	2344812	7	0.01565731	5.28571429	7	0	0.58767568	0.25
26S proteasome regulatory subunit 6B homolog	26S proteasome regulatory subunit 6B homolog	6.75315315	0.46323529	0.14807898	false	0	0	15	2320548	17	0.01269057	11.47058824	17	0	0.76987387	0.32605042
26S proteasome regulatory subunit 8 homolog	26S proteasome regulatory subunit 8 homolog	6.75675676	0.5047619	0.148	false	0	0	15	2294708	15	0.01097187	12.4	15	0	0.76972973	0.34444444
Histone acetyltransferase ESA1	Histone acetyltransferase ESA1	10.08648649	0.3	0.09914255	false	0	0	17	2150310	5	0.02793417	5.0	5	0	0.63654054	0.2875
Helicase SWR1	Helicase SWR1	11.47747748	0.4	0.08712716	false	0	0	19	2142816	6	0.02672282	4.5	6	0	0.5809009	0.30952381
60S ribosomal protein L23-A	60S ribosomal protein L23-A	6.71351351	0.16666667	0.1489533	false	0	0	18	2090774	13	0.03422632	7.30769231	13	0	0.77145946	0.17260788
Pre-mRNA-splicing factor SNU114	Pre-mRNA-splicing factor SNU114	9.68648649	0.27272727	0.10323661	false	0	0	23	2030458	11	0.00282572	9.09090909	11	0	0.65254054	0.17825312
U6 snRNA-associated Sm-like protein LSm2	U6 snRNA-associated Sm-like protein LSm2	8.97117117	0.42857143	0.11146817	false	0	0	22	2029560	7	0.00698112	5.57142857	7	0	0.68115315	0.34821429
Pre-mRNA-splicing factor PRP9	Pre-mRNA-splicing factor PRP9	9.75135135	0.28571429	0.10254989	false	0	0	23	2028794	8	0.00181554	6.875	8	0	0.64994595	0.275
Protein CWC16	Protein CWC16	9.7009009	0.36111111	0.10308321	false	0	0	23	2028484	9	9.4136E-4	11.55555556	9	0	0.65196396	0.22657952
Pre-mRNA-splicing factor CLF1	Pre-mRNA-splicing factor CLF1	9.69189189	0.51111111	0.10317903	false	0	0	23	2028476	10	6.5457E-4	12.2	10	0	0.65232432	0.23461538
Pre-mRNA-splicing factor CWC26	Pre-mRNA-splicing factor CWC26	9.72612613	0.5	0.10281586	false	0	0	23	2028366	5	0.00124092	14.0	5	0	0.65095495	0.31111111
Pre-mRNA-splicing factor CWC15	Pre-mRNA-splicing factor CWC15	9.7009009	0.66666667	0.10308321	false	0	0	23	2028194	7	4.4196E-4	15.85714286	7	0	0.65196396	0.31092437
CWC15	CWC15	9.70630631	0.66666667	0.1030258	false	0	0	23	2028160	6	4.2084E-4	15.83333333	6	0	0.65174775	0.32312925
Pre-mRNA-splicing factor ISY1	Pre-mRNA-splicing factor ISY1	9.70990991	0.73333333	0.10298757	false	0	0	23	2028084	6	6.5485E-4	14.66666667	6	0	0.6516036	0.30555556
Pre-mRNA-splicing factor SYF2	Pre-mRNA-splicing factor SYF2	9.70990991	0.73333333	0.10298757	false	0	0	23	2028032	6	4.026E-4	17.0	6	0	0.6516036	0.32692308
DNA-directed RNA polymerase II subunit RPB7	DNA-directed RNA polymerase II subunit RPB7	12.71171171	0.57142857	0.07866761	false	0	0	21	1945272	7	0.00323934	12.42857143	7	0	0.53153153	0.27619048
TATA-box-binding protein	TATA-box-binding protein	13.65405405	0.2	0.07323832	false	0	0	22	1944798	5	0.00297758	4.8	5	0	0.49383784	0.30666667
DNA-directed RNA polymerases I and III subunit RPAC1	DNA-directed RNA polymerases I and III subunit RPAC1	13.60900901	0.46666667	0.07348074	false	0	0	22	1944678	10	8.648E-4	10.6	10	0	0.49563964	0.31176471
Transcription initiation factor IIF subunit beta	Transcription initiation factor IIF subunit beta	12.78018018	0.2	0.07824616	false	0	0	21	1944416	5	0.00508121	7.6	5	0	0.52879279	0.3
DNA-directed RNA polymerase III subunit RPC8	DNA-directed RNA polymerase III subunit RPC8	13.63423423	0.66666667	0.07334479	false	0	0	22	1944280	6	0.0012033	9.66666667	6	0	0.49463063	0.35802469
DNA-directed RNA polymerase III subunit RPC3	DNA-directed RNA polymerase III subunit RPC3	13.63963964	0.6	0.07331572	false	0	0	22	1944226	6	0.00113229	10.0	6	0	0.49441441	0.4
DNA-directed RNA polymerase I subunit RPA43	DNA-directed RNA polymerase I subunit RPA43	13.63423423	0.73333333	0.07334479	false	0	0	22	1944192	6	8.1665E-4	9.5	6	0	0.49463063	0.41304348
26S proteasome regulatory subunit RPN5	26S proteasome regulatory subunit RPN5	6.77837838	0.58333333	0.14752791	false	0	0	15	1753954	9	0.00734296	12.88888889	9	0	0.76886486	0.40277778
60S ribosomal protein L19-B	60S ribosomal protein L19-B	6.51711712	0.0	0.15344208	false	0	0	17	1607188	4	0.07180988	7.25	4	0	0.77931532	0.28409091
Proteasome subunit alpha type-4	Proteasome subunit alpha type-4	7.55855856	0.35	0.13230036	false	0	0	16	1582052	16	0.01248602	12.6875	16	0	0.73765766	0.19519231
U2 small nuclear ribonucleoprotein A'	U2 small nuclear ribonucleoprotein A'	9.76396396	0.2	0.10241742	false	0	0	23	1522166	6	0.00757921	5.66666667	6	0	0.64944144	0.23188406
Mediator of RNA polymerase II transcription subunit 17	Mediator of RNA polymerase II transcription subunit 17	12.77477477	0.47222222	0.07827927	false	0	0	21	1458972	9	0.00271332	8.77777778	9	0	0.52900901	0.25079365
Transcription initiation factor IIF subunit alpha	Transcription initiation factor IIF subunit alpha	11.95675676	0.66666667	0.08363472	false	0	0	20	1457886	4	0.0038459	8.25	4	0	0.56172973	0.375
Actin-related protein 4	Actin-related protein 4	12.45405405	0.33333333	0.08029514	false	0	0	20	1364824	4	0.02143624	4.0	4	0	0.54183784	0.375
Nucleolar GTP-binding protein 1	Nucleolar GTP-binding protein 1	7.04684685	0.15789474	0.14190744	false	0	0	19	1136414	19	0.03867165	9.31578947	19	0	0.75812613	0.11792139
27S pre-rRNA (guanosine(2922)-2'-O)-methyltransferase	27S pre-rRNA (guanosine(2922)-2'-O)-methyltransferase	7.26846847	0.21818182	0.13758057	false	0	0	19	1050154	11	0.01893064	12.27272727	11	0	0.74926126	0.16562889
U6 snRNA-associated Sm-like protein LSm6	U6 snRNA-associated Sm-like protein LSm6	8.94594595	0.42857143	0.11178248	false	0	0	22	1015924	7	0.00289354	7.14285714	7	0	0.68216216	0.28571429
U6 snRNA-associated Sm-like protein LSm5	U6 snRNA-associated Sm-like protein LSm5	8.97837838	0.33333333	0.11137869	false	0	0	22	1014902	4	0.00298083	6.25	4	0	0.68086486	0.41666667
U6 snRNA-associated Sm-like protein LSm8	U6 snRNA-associated Sm-like protein LSm8	8.97297297	0.46666667	0.11144578	false	0	0	22	1014784	6	0.0023178	6.33333333	6	0	0.68108108	0.39583333
U6 snRNA-associated Sm-like protein LSm4	U6 snRNA-associated Sm-like protein LSm4	8.97837838	0.16666667	0.11137869	false	0	0	22	1014734	4	0.00289103	6.0	4	0	0.68086486	0.42307692
Small nuclear ribonucleoprotein-associated protein B	Small nuclear ribonucleoprotein-associated protein B	9.77657658	0.5	0.10228529	false	0	0	23	1014422	5	0.0010581	8.4	5	0	0.64893694	0.35
66 kDa U4/U6.U5 small nuclear ribonucleoprotein component	66 kDa U4/U6.U5 small nuclear ribonucleoprotein component	8.85945946	0.4	0.1128737	false	0	0	22	1014396	5	0.00363562	14.4	5	0	0.68562162	0.284
56 kDa U1 small nuclear ribonucleoprotein component	56 kDa U1 small nuclear ribonucleoprotein component	10.74414414	0.6	0.09307396	false	0	0	24	1014376	6	0.00100363	6.33333333	6	0	0.61023423	0.42222222
U2 snRNP component IST3	U2 snRNP component IST3	9.78918919	0.66666667	0.10215351	false	0	0	23	1014052	4	5.7711E-4	9.25	4	0	0.64843243	0.34259259
DNA-directed RNA polymerase II subunit RPB4	DNA-directed RNA polymerase II subunit RPB4	12.72432432	0.52380952	0.07858963	false	0	0	21	972876	7	0.00152611	12.71428571	7	0	0.53102703	0.29568106
Protein NRD1	Protein NRD1	12.79459459	0.0	0.07815801	false	0	0	21	972832	2	0.0071942	15.0	2	0	0.52821622	0.5
Mediator of RNA polymerase II transcription subunit 31	Mediator of RNA polymerase II transcription subunit 31	12.78018018	0.53333333	0.07824616	false	0	0	21	972778	6	0.0020804	10.5	6	0	0.52879279	0.3
Mediator of RNA polymerase II transcription subunit 9	Mediator of RNA polymerase II transcription subunit 9	12.78738739	0.66666667	0.07820206	false	0	0	21	972746	4	0.00293878	11.5	4	0	0.5285045	0.34848485
Transcription factor IIIB 70 kDa subunit	Transcription factor IIIB 70 kDa subunit	13.65585586	0.46666667	0.07322866	false	0	0	22	972542	6	8.546E-4	10.33333333	6	0	0.49376577	0.35632184
Mediator of RNA polymerase II transcription subunit 18	Mediator of RNA polymerase II transcription subunit 18	12.76036036	0.52380952	0.07836769	false	0	0	21	972528	7	0.00189997	9.57142857	7	0	0.52958559	0.28151261
Mediator of RNA polymerase II transcription subunit 6	Mediator of RNA polymerase II transcription subunit 6	12.78018018	0.6	0.07824616	false	0	0	21	972426	6	0.00143886	10.83333333	6	0	0.52879279	0.30952381
DNA-directed RNA polymerases I and III subunit RPAC2	DNA-directed RNA polymerases I and III subunit RPAC2	13.61621622	0.61904762	0.07344184	false	0	0	22	972406	7	4.1909E-4	12.14285714	7	0	0.49535135	0.36796537
Mediator of RNA polymerase II transcription subunit 8	Mediator of RNA polymerase II transcription subunit 8	12.78198198	0.57142857	0.07823513	false	0	0	21	972326	8	0.00171102	9.125	8	0	0.52872072	0.28515625
P13393:#TATA-box-binding protein#P29056:#Transcription factor IIIB 70 kDa subunit	P13393:#TATA-box-binding protein#P29056:#Transcription factor IIIB 70 kDa subunit	13.66126126	0.6	0.07319968	false	0	0	22	972132	5	5.7113E-4	11.4	5	0	0.49354955	0.42222222
DNA-directed RNA polymerase III subunit RPC10	DNA-directed RNA polymerase III subunit RPC10	13.64324324	0.5	0.07329635	false	0	0	22	972108	4	8.7826E-4	11.5	4	0	0.49427027	0.46
DNA-directed RNA polymerase I subunit RPA14	DNA-directed RNA polymerase I subunit RPA14	13.63603604	0.9	0.0733351	false	0	0	22	972082	5	3.1455E-4	10.6	5	0	0.49455856	0.46086957
DNA-directed RNA polymerase I subunit RPA34	DNA-directed RNA polymerase I subunit RPA34	13.68648649	0.6	0.07306477	false	0	0	22	972056	5	5.1503E-4	8.0	5	0	0.49254054	0.42105263
Transcription initiation factor IIA subunit 2	Transcription initiation factor IIA subunit 2	13.74594595	0.33333333	0.07274872	false	0	0	22	971998	3	0.00162242	4.0	3	0	0.49016216	0.45833333
60S ribosomal protein L20-A	60S ribosomal protein L20-A	6.98378378	0.28787879	0.14318885	false	0	0	18	952896	12	0.0200313	9.66666667	12	0	0.76064865	0.18238994
40S ribosomal protein S18-A	40S ribosomal protein S18-A	6.75855856	0.13333333	0.14796054	false	0	0	18	880946	16	0.03063896	7.0625	16	0	0.76965766	0.13089623
60S ribosomal protein L25	60S ribosomal protein L25	7.15675676	0.18333333	0.1397281	false	0	0	19	876120	16	0.06047051	8.8125	16	0	0.75372973	0.14724576
60S ribosomal protein L4-A	60S ribosomal protein L4-A	7.23963964	0.16600791	0.13812842	false	0	0	19	838732	23	0.03282788	10.26086957	23	0	0.75041441	0.12362493
PROBABLE METALLOPROTEASE ARX1	PROBABLE METALLOPROTEASE ARX1	7.16216216	0.0	0.13962264	false	0	0	18	831222	2	0.03929923	10.0	2	0	0.75351351	0.5
60S ribosomal protein L17-A	60S ribosomal protein L17-A	7.83783784	0.17582418	0.12758621	false	0	0	20	825596	14	0.01354385	8.42857143	14	0	0.72648649	0.16071429
60S ribosomal protein L12-A	60S ribosomal protein L12-A	6.76756757	0.2	0.14776358	false	0	0	18	802422	6	0.01322121	9.33333333	6	0	0.7692973	0.23504274
60S ribosomal protein L6-A	60S ribosomal protein L6-A	7.51351351	0.36363636	0.13309353	false	0	0	19	725960	11	0.00795701	10.18181818	11	0	0.73945946	0.24242424
Ribosomal RNA-processing protein 15	Ribosomal RNA-processing protein 15	8.81981982	0.33333333	0.113381	false	0	0	21	660224	3	0.0071942	7.66666667	3	0	0.68720721	0.40740741
60S ribosomal protein L8-A	60S ribosomal protein L8-A	7.39459459	0.21645022	0.13523392	false	0	0	20	639366	22	0.04843675	9.77272727	22	0	0.74421622	0.12470862
60S ribosomal protein L20-B	60S ribosomal protein L20-B	7.0036036	0.33333333	0.14278364	false	0	0	18	578442	7	0.01170864	11.85714286	7	0	0.75985586	0.23714286
60S ribosomal protein L42-A	60S ribosomal protein L42-A	6.7981982	0.14285714	0.1470978	false	0	0	18	541096	8	0.02488018	7.25	8	0	0.76807207	0.19444444
Ribosome biogenesis protein NSA2	Ribosome biogenesis protein NSA2	7.0018018	0.22222222	0.14282038	false	0	0	18	522172	9	0.01599411	7.66666667	9	0	0.75992793	0.16425121
ATP-dependent RNA helicase DOB1	ATP-dependent RNA helicase DOB1	7.88108108	0.30555556	0.12688615	false	0	0	20	515812	9	0.0538881	9.44444444	9	0	0.72475676	0.20740741
Pre-mRNA-splicing factor SYF1	Pre-mRNA-splicing factor SYF1	9.75495495	0.2	0.10251201	false	0	0	23	508084	6	0.00394213	8.5	6	0	0.6498018	0.27777778
Ribosome assembly 1 protein	Ribosome assembly 1 protein	8.23243243	0.0	0.12147078	false	0	0	21	507610	2	0.0036036	8.0	2	0	0.7107027	0.5
Pre-mRNA-processing factor 39	Pre-mRNA-processing factor 39	10.72072072	0.6	0.09327731	false	0	0	24	507430	5	5.4739E-4	7.0	5	0	0.61117117	0.45333333
Small nuclear ribonucleoprotein F	Small nuclear ribonucleoprotein F	9.79459459	0.66666667	0.10209713	false	0	0	23	507200	4	8.3722E-4	7.25	4	0	0.64821622	0.453125
Pre-mRNA-splicing factor SPP381	Pre-mRNA-splicing factor SPP381	8.88468468	0.66666667	0.11255323	false	0	0	22	506984	3	5.1393E-4	19.66666667	3	0	0.68461261	0.42753623
H2B	H2B	10.72972973	0.0	0.09319899	false	0	0	18	487088	3	0.00249159	4.66666667	3	0	0.61081081	0.45833333
RNA polymerase I-specific transcription initiation factor RRN6	RNA polymerase I-specific transcription initiation factor RRN6	14.64324324	0.33333333	0.06829088	false	0	0	23	487032	3	0.0036036	5.0	3	0	0.45427027	0.46666667
Transcription elongation factor SPT6	Transcription elongation factor SPT6	12.7981982	0.0	0.078136	false	0	0	21	486418	2	0.0036036	14.5	2	0	0.52807207	0.5
Poly(A) RNA polymerase protein 2	Poly(A) RNA polymerase protein 2	13.78918919	0.0	0.07252058	false	0	0	22	486418	2	0.0036036	1.5	2	0	0.48843243	0.5
ALA-ALA-ALA-ALA-ALA-ALA-ALA-ALA-ALA	ALA-ALA-ALA-ALA-ALA-ALA-ALA-ALA-ALA	14.64504505	0.33333333	0.06828248	false	0	0	23	486068	3	2.7857E-4	4.66666667	3	0	0.4541982	0.48148148
Eukaryotic translation initiation factor 1A	Eukaryotic translation initiation factor 1A	7.28828829	0.33333333	0.13720643	false	0	0	18	475412	4	0.03545387	3.5	4	0	0.74846847	0.40625
40S ribosomal protein S3	40S ribosomal protein S3	6.63063063	0.15789474	0.15081522	false	0	0	18	454020	19	0.02225927	6.52631579	19	0	0.77477477	0.13773796
60S ribosomal protein L16-A	60S ribosomal protein L16-A	6.94414414	0.33333333	0.14400623	false	0	0	18	448352	10	0.01006859	8.5	10	0	0.76223423	0.21538462
40S ribosomal protein S7-A	40S ribosomal protein S7-A	6.65945946	0.22222222	0.15016234	false	0	0	18	438494	9	0.02199508	7.77777778	9	0	0.77362162	0.17989418
60S ribosomal protein L31-A	60S ribosomal protein L31-A	7.98018018	0.33333333	0.12531045	false	0	0	20	416046	4	0.01079061	11.0	4	0	0.72079279	0.3359375
60S ribosomal protein L14-A	60S ribosomal protein L14-A	7.17657658	0.42857143	0.1393422	false	0	0	18	406388	8	0.00519426	8.5	8	0	0.75293694	0.27419355
Chromatin modification-related protein EAF1	Chromatin modification-related protein EAF1	13.44144144	0.33333333	0.07439678	false	0	0	21	389968	3	0.0071942	3.33333333	3	0	0.50234234	0.5
40S ribosomal protein S11-A	40S ribosomal protein S11-A	6.5981982	0.11111111	0.15155653	false	0	0	18	389238	10	0.02713129	6.9	10	0	0.77607207	0.13469388
Eukaryotic translation initiation factor 2 subunit gamma	Eukaryotic translation initiation factor 2 subunit gamma	9.23243243	0.2	0.10831382	false	0	0	20	372166	5	0.021459	2.8	5	0	0.6707027	0.37142857
60S acidic ribosomal protein P0	60S acidic ribosomal protein P0	6.54054054	0.28571429	0.15289256	false	0	0	17	360654	7	0.01244792	7.42857143	7	0	0.77837838	0.23963134
60S ribosomal protein L15-A	60S ribosomal protein L15-A	7.08288288	0.22857143	0.14118545	false	0	0	19	357468	15	0.02149995	10.26666667	15	0	0.75668468	0.15098039
40S ribosomal protein S17-A	40S ribosomal protein S17-A	6.62882883	0.28571429	0.15085621	false	0	0	18	338156	7	0.01599422	11.14285714	7	0	0.77484685	0.24444444
Ribosome biogenesis protein SSF1	Ribosome biogenesis protein SSF1	9.81441441	0.0	0.10189095	false	0	0	22	330114	2	0.0036036	2.0	2	0	0.64742342	0.5
40S ribosomal protein S26-A	40S ribosomal protein S26-A	7.02702703	0.2	0.14230769	false	0	0	19	326370	6	0.01105205	9.33333333	6	0	0.75891892	0.24324324
60S ribosomal protein L7-A	60S ribosomal protein L7-A	7.68108108	0.30909091	0.13019001	false	0	0	19	316122	11	0.00531081	9.0	11	0	0.73275676	0.22843823
60S ribosomal protein L3	60S ribosomal protein L3	6.99099099	0.27272727	0.14304124	false	0	0	19	312362	11	0.02451739	8.45454545	11	0	0.76036036	0.17234848
Ribosome biogenesis protein RLP24	Ribosome biogenesis protein RLP24	7.21621622	0.46428571	0.13857678	false	0	0	19	310074	8	0.00630144	9.5	8	0	0.75135135	0.22619048
40S ribosomal protein S1-A	40S ribosomal protein S1-A	7.04684685	0.15384615	0.14190744	false	0	0	19	294582	14	0.03369666	7.71428571	14	0	0.75812613	0.13408521
Ribosome biogenesis protein ERB1	Ribosome biogenesis protein ERB1	7.78918919	0.20952381	0.12838307	false	0	0	20	283564	15	0.00909314	8.66666667	15	0	0.72843243	0.18156028
N-terminal acetyltransferase A complex subunit NAT1	N-terminal acetyltransferase A complex subunit NAT1	8.97117117	0.33333333	0.11146817	false	0	0	21	277352	3	0.0071942	2.66666667	3	0	0.68115315	0.46666667
40S ribosomal protein S22-A	40S ribosomal protein S22-A	6.84504505	0.27272727	0.14609108	false	0	0	19	272770	11	0.01015899	9.63636364	11	0	0.7661982	0.1633282
Ribosome assembly factor MRT4	Ribosome assembly factor MRT4	7.04324324	0.3	0.14198005	false	0	0	18	266896	5	0.00427549	10.6	5	0	0.75827027	0.26666667
60S ribosomal protein L11-A	60S ribosomal protein L11-A	6.86486486	0.19047619	0.14566929	false	0	0	18	266440	7	0.01411965	9.14285714	7	0	0.76540541	0.21254355
U3 small nucleolar RNA-associated protein 21	U3 small nucleolar RNA-associated protein 21	7.11891892	0.27272727	0.14047077	false	0	0	19	260298	12	0.01102804	9.58333333	12	0	0.75524324	0.19965278
Ribosome biogenesis protein BMS1	Ribosome biogenesis protein BMS1	6.98918919	0.3030303	0.14307811	false	0	0	19	255992	12	0.00634726	10.08333333	12	0	0.76043243	0.18518519
60S ribosomal protein L5	60S ribosomal protein L5	7.47207207	0.19444444	0.13383169	false	0	0	19	244270	9	0.00762342	6.33333333	9	0	0.74111712	0.21072797
U3 small nucleolar RNA-associated protein 15	U3 small nucleolar RNA-associated protein 15	7.32792793	0.31111111	0.13646422	false	0	0	19	243216	10	0.01016133	7.3	10	0	0.74688288	0.19210526
Ribosome production factor 1	Ribosome production factor 1	8.2972973	0.33333333	0.12052117	false	0	0	20	242896	7	0.00236509	7.85714286	7	0	0.70810811	0.24884793
40S ribosomal protein S21-A	40S ribosomal protein S21-A	6.82162162	0.30555556	0.14659271	false	0	0	19	237418	9	0.04411413	9.11111111	9	0	0.76713514	0.19148936
Nucleolar complex protein 14	Nucleolar complex protein 14	7.00540541	0.33333333	0.14274691	false	0	0	19	231394	10	0.00452499	9.9	10	0	0.75978378	0.19411765
60S ribosomal protein L2-A	60S ribosomal protein L2-A	7.32072072	0.25454545	0.13659857	false	0	0	20	227196	11	0.04307951	10.18181818	11	0	0.74717117	0.17857143
60S ribosomal protein L33-A	60S ribosomal protein L33-A	7.63783784	0.57142857	0.13092711	false	0	0	19	224422	7	0.00157548	9.57142857	7	0	0.73448649	0.30875576
40S ribosomal protein S6-A	40S ribosomal protein S6-A	6.65945946	0.16666667	0.15016234	false	0	0	18	216362	9	0.00858058	7.33333333	9	0	0.77362162	0.17948718
60S ribosomal protein L19-A	60S ribosomal protein L19-A	7.18018018	0.22222222	0.13927227	false	0	0	19	213174	9	0.01593873	8.11111111	9	0	0.75279279	0.2
Eukaryotic translation initiation factor 2 subunit beta	Eukaryotic translation initiation factor 2 subunit beta	8.25765766	0.5	0.12109972	false	0	0	19	206742	4	0.01247927	3.5	4	0	0.70969369	0.4375
Eukaryotic translation initiation factor 5	Eukaryotic translation initiation factor 5	8.25945946	0.66666667	0.1210733	false	0	0	19	206720	3	0.01243048	4.33333333	3	0	0.70962162	0.54166667
40S ribosomal protein S5	40S ribosomal protein S5	7.31711712	0.25454545	0.13666585	false	0	0	19	203504	11	0.00625512	7.81818182	11	0	0.74731532	0.20884521
Periodic tryptophan protein 2	Periodic tryptophan protein 2	7.25045045	0.33333333	0.13792247	false	0	0	19	197208	13	0.00434851	9.38461538	13	0	0.74998198	0.20401338
60S ribosomal protein L10	60S ribosomal protein L10	6.94234234	0.08333333	0.1440436	false	0	0	18	195548	9	0.01059505	5.88888889	9	0	0.76230631	0.20512821
Actin	Actin	13.44144144	0.5	0.07439678	false	0	0	21	194988	4	0.00181806	3.0	4	0	0.50234234	0.5
Transcription-associated protein 1	Transcription-associated protein 1	14.43603604	0.0	0.06927109	false	0	0	22	194986	2	0.0036036	2.0	2	0	0.46255856	0.5
Chromatin-remodeling ATPase INO80	Chromatin-remodeling ATPase INO80	13.44684685	0.66666667	0.07436688	false	0	0	21	194976	3	0.00178879	3.33333333	3	0	0.50212613	0.66666667
60S ribosomal protein L14-B	60S ribosomal protein L14-B	7.18738739	0.66666667	0.13913261	false	0	0	18	194058	4	0.00189911	11.0	4	0	0.7525045	0.37931034
60S ribosomal protein L36-A	60S ribosomal protein L36-A	7.84504505	0.30909091	0.12746899	false	0	0	20	187328	11	0.00275288	10.45454545	11	0	0.7261982	0.2410148
Translation initiation factor RLI1	Translation initiation factor RLI1	6.58378378	0.14285714	0.15188834	false	0	0	18	174822	8	0.01235573	10.5	8	0	0.77664865	0.19575472
26S proteasome regulatory subunit RPN1	26S proteasome regulatory subunit RPN1	7.38918919	0.42857143	0.13533285	false	0	0	15	165470	8	0.00532886	10.875	8	0	0.74443243	0.3359375
Eukaryotic translation initiation factor 3 subunit B	Eukaryotic translation initiation factor 3 subunit B	11.20720721	0.33333333	0.0892283	false	0	0	22	165424	3	0.0071942	2.66666667	3	0	0.59171171	0.58333333
60S ribosomal protein L24-A	60S ribosomal protein L24-A	7.15495495	0.46666667	0.13976328	false	0	0	19	164624	6	0.00223602	8.83333333	6	0	0.7538018	0.32716049
Exosome complex component RRP4	Exosome complex component RRP4	8.84324324	0.42222222	0.11308068	false	0	0	21	160644	10	0.01749833	7.1	10	0	0.68627027	0.37368421
60S ribosomal protein L28	60S ribosomal protein L28	7.40540541	0.33333333	0.1350365	false	0	0	19	153456	9	0.00592145	10.44444444	9	0	0.74378378	0.22222222
60S RIBOSOMAL PROTEIN EL6	60S RIBOSOMAL PROTEIN EL6	7.65945946	0.5	0.13055752	false	0	0	19	150014	5	0.00104155	9.2	5	0	0.73362162	0.34074074
Protein MAK16	Protein MAK16	8.18378378	0.41666667	0.12219287	false	0	0	20	144958	9	0.00287152	10.0	9	0	0.71264865	0.27027027
60S ribosomal protein L11-B	60S ribosomal protein L11-B	6.87387387	0.4	0.14547837	false	0	0	18	143320	6	0.00525633	10.33333333	6	0	0.76504505	0.25416667
Exosome complex exonuclease RRP6	Exosome complex exonuclease RRP6	8.84324324	0.55555556	0.11308068	false	0	0	21	142798	9	0.00919659	8.44444444	9	0	0.68627027	0.42222222
60S ribosomal protein L18a	60S ribosomal protein L18a	7.17837838	0.16666667	0.13930723	false	0	0	18	139842	4	0.00235088	11.0	4	0	0.75286486	0.33870968
Essential nuclear protein 1	Essential nuclear protein 1	6.74774775	0.4	0.1481976	false	0	0	17	139260	6	0.00427117	9.66666667	6	0	0.77009009	0.28431373
Exosome complex component RRP40	Exosome complex component RRP40	8.84684685	0.42857143	0.11303462	false	0	0	21	124636	7	0.01220816	7.57142857	7	0	0.68612613	0.39097744
Eukaryotic translation initiation factor 3 subunit G	Eukaryotic translation initiation factor 3 subunit G	10.21801802	0.66666667	0.09786634	false	0	0	21	124062	3	0.00537613	3.66666667	3	0	0.63127928	0.52380952
Eukaryotic translation initiation factor 3 subunit I	Eukaryotic translation initiation factor 3 subunit I	10.21801802	0.66666667	0.09786634	false	0	0	21	124062	3	0.00537613	3.66666667	3	0	0.63127928	0.52380952
Nucleolar GTP-binding protein 2	Nucleolar GTP-binding protein 2	7.43963964	0.42857143	0.13441511	false	0	0	19	118570	7	0.00185689	9.14285714	7	0	0.74241441	0.25396825
U3 small nucleolar RNA-associated protein MPP10	U3 small nucleolar RNA-associated protein MPP10	7.01621622	0.38181818	0.14252696	false	0	0	19	114410	11	0.0042929	10.45454545	11	0	0.75935135	0.20909091
60S ribosomal protein L37-A	60S ribosomal protein L37-A	7.85945946	0.33333333	0.12723521	false	0	0	20	110400	12	0.00276635	10.41666667	12	0	0.72562162	0.19871795
40S ribosomal protein S12	40S ribosomal protein S12	6.72432432	0.25	0.14871383	false	0	0	17	108608	8	0.00632653	6.375	8	0	0.77102703	0.24519231
Nuclear mRNA export protein THP1	Nuclear mRNA export protein THP1	7.76756757	0.33333333	0.12874043	false	0	0	13	100270	3	0.0036036	4.0	3	0	0.7292973	0.40740741
Cell division control protein 31	Cell division control protein 31	8.28828829	0.5	0.12065217	false	0	0	14	100270	4	0.0036036	4.0	4	0	0.70846847	0.41666667
Actin-like protein ARP9	Actin-like protein ARP9	10.77837838	0.66666667	0.09277834	false	0	0	18	97854	3	0.00179855	3.0	3	0	0.60886486	0.6
Actin-related protein 7	Actin-related protein 7	10.77837838	0.66666667	0.09277834	false	0	0	18	97854	3	0.00179855	3.0	3	0	0.60886486	0.6
Histone acetyltransferase RTT109	Histone acetyltransferase RTT109	10.58198198	0.66666667	0.09450026	false	0	0	18	97176	3	4.8026E-4	6.0	3	0	0.61672072	0.42857143
Nucleolar protein 16	Nucleolar protein 16	7.82342342	0.33333333	0.12782128	false	0	0	20	95638	12	0.00239203	11.91666667	12	0	0.72706306	0.22067901
U3 small nucleolar ribonucleoprotein protein IMP3	U3 small nucleolar ribonucleoprotein protein IMP3	7.12252252	0.42222222	0.1403997	false	0	0	19	94454	10	0.00185263	10.4	10	0	0.7550991	0.23636364
26S proteasome regulatory subunit RPN2	26S proteasome regulatory subunit RPN2	6.81621622	0.55555556	0.14670896	false	0	0	15	93144	10	0.00477223	12.0	10	0	0.76735135	0.39666667
60S ribosomal protein L18-A	60S ribosomal protein L18-A	8.08468468	0.35555556	0.12369066	false	0	0	20	92950	10	0.00190678	9.7	10	0	0.71661261	0.24
Protein SOF1	Protein SOF1	7.08108108	0.36111111	0.14122137	false	0	0	19	88892	9	0.00487029	8.44444444	9	0	0.75675676	0.24126984
Eukaryotic translation initiation factor 3 subunit A	Eukaryotic translation initiation factor 3 subunit A	12.2018018	0.0	0.08195511	false	0	0	23	82714	2	0.0036036	2.0	2	0	0.55192793	0.5
Ribosome assembly protein 4	Ribosome assembly protein 4	7.39459459	0.47619048	0.13523392	false	0	0	19	80256	7	0.00236811	8.57142857	7	0	0.74421622	0.23809524
60S ribosomal protein L30	60S ribosomal protein L30	7.24504505	0.38095238	0.13802537	false	0	0	19	80254	7	0.00623311	8.85714286	7	0	0.7501982	0.23308271
RNA 3'-terminal phosphate cyclase-like protein	RNA 3'-terminal phosphate cyclase-like protein	7.26306306	0.66666667	0.13768296	false	0	0	19	75254	4	7.1634E-4	12.0	4	0	0.74947748	0.36363636
rRNA-processing protein EBP2	rRNA-processing protein EBP2	7.76216216	0.33333333	0.12883008	false	0	0	19	75216	3	0.00184834	11.0	3	0	0.72951351	0.39506173
40S ribosomal protein S13	40S ribosomal protein S13	7.09009009	0.28571429	0.14104193	false	0	0	19	70890	8	0.00629655	7.5	8	0	0.7563964	0.21071429
rpS5_uS7	rpS5_uS7	7.46666667	0.33333333	0.13392857	false	0	0	19	68642	6	0.00110794	10.66666667	6	0	0.74133333	0.27350427
60S ribosomal protein L13-A	60S ribosomal protein L13-A	7.89369369	0.33333333	0.12668341	false	0	0	20	63874	12	0.00113786	10.0	12	0	0.72425225	0.22727273
60S ribosomal protein L21-A	60S ribosomal protein L21-A	7.42162162	0.33333333	0.13474144	false	0	0	19	63460	10	0.0031327	8.9	10	0	0.74313514	0.19347826
Nucleolar complex protein 4	Nucleolar complex protein 4	7.44144144	0.5	0.13438257	false	0	0	19	60906	5	0.00108409	9.8	5	0	0.74234234	0.31612903
Protein DOM34	Protein DOM34	6.54054054	0.28571429	0.15289256	false	0	0	18	56940	8	0.006666	11.375	8	0	0.77837838	0.19067797
U3 small nucleolar RNA-associated protein 14	U3 small nucleolar RNA-associated protein 14	7.20720721	0.6	0.13875	false	0	0	19	54232	5	0.00246489	8.4	5	0	0.75171171	0.38181818
Exosome complex component CSL4	Exosome complex component CSL4	9.81621622	0.52777778	0.10187225	false	0	0	22	53536	9	0.00155693	7.33333333	9	0	0.64735135	0.48888889
U3 small nucleolar RNA-associated protein 18	U3 small nucleolar RNA-associated protein 18	7.45225225	0.36363636	0.13418762	false	0	0	20	49082	11	0.00657344	9.72727273	11	0	0.74190991	0.22107438
60S ribosomal protein L42-B	60S ribosomal protein L42-B	7.49009009	0.16666667	0.13350974	false	0	0	19	44990	4	0.0037709	8.25	4	0	0.7403964	0.33695652
Nucleolar protein 58	Nucleolar protein 58	7.44144144	0.34545455	0.13438257	false	0	0	20	44618	11	0.00533768	10.27272727	11	0	0.74234234	0.22828283
Ribosome biogenesis protein UTP30	Ribosome biogenesis protein UTP30	7.27567568	0.33333333	0.13744428	false	0	0	19	42294	4	0.00147207	9.0	4	0	0.74897297	0.33333333
Sec sixty-one protein homolog	Sec sixty-one protein homolog	8.03063063	0.26666667	0.12452322	false	0	0	20	38892	6	0.00727706	8.0	6	0	0.71877477	0.27380952
Pescadillo homolog	Pescadillo homolog	7.87387387	0.41666667	0.12700229	false	0	0	20	36578	9	0.00293597	11.11111111	9	0	0.72504505	0.25252525
Exosome complex component MTR3	Exosome complex component MTR3	9.81801802	0.58333333	0.10185355	false	0	0	22	35726	9	0.00104167	7.55555556	9	0	0.64727928	0.53968254
Exosome complex component RRP43	Exosome complex component RRP43	9.81261261	0.45454545	0.10190966	false	0	0	22	35716	11	0.00109764	6.63636364	11	0	0.6474955	0.44242424
Eukaryotic peptide chain release factor subunit 1	Eukaryotic peptide chain release factor subunit 1	7.57837838	0.0	0.13195435	false	0	0	19	34806	2	0.0036036	4.5	2	0	0.73686486	0.5
U3 small nucleolar ribonucleoprotein protein IMP4	U3 small nucleolar ribonucleoprotein protein IMP4	7.17297297	0.53571429	0.13941221	false	0	0	19	33750	8	6.9208E-4	11.125	8	0	0.75308108	0.278125
60S ribosomal protein L26-A	60S ribosomal protein L26-A	8.10810811	0.27777778	0.12333333	false	0	0	20	33660	9	0.00154806	10.11111111	9	0	0.71567568	0.23809524
P25043:#Proteasome subunit beta type-2#P40306:#Proteasome subunit beta type-10	P25043:#Proteasome subunit beta type-2#P40306:#Proteasome subunit beta type-10	8.21621622	0.42857143	0.12171053	false	0	0	16	31878	8	6.5964E-4	20.875	8	0	0.71135135	0.38657407
40S ribosomal protein S20	40S ribosomal protein S20	6.96396396	0.4	0.14359638	false	0	0	18	31760	6	0.00122741	9.5	6	0	0.76144144	0.27941176
Ribosome biogenesis protein RLP7	Ribosome biogenesis protein RLP7	7.9027027	0.5	0.12653899	false	0	0	20	30038	9	3.8857E-4	10.66666667	9	0	0.72389189	0.27350427
UPF0642 protein YBL028C	UPF0642 protein YBL028C	7.06486486	0.0	0.14154552	false	0	0	18	29596	2	1.9799E-4	13.5	2	0	0.75740541	0.52083333
60S ribosomal protein L27-A	60S ribosomal protein L27-A	7.68468468	0.33333333	0.13012896	false	0	0	20	24616	10	0.00308676	9.9	10	0	0.73261261	0.26756757
40S ribosomal protein S28-A	40S ribosomal protein S28-A	7.86846847	0.33333333	0.12708954	false	0	0	20	23520	9	0.00132107	7.77777778	9	0	0.72526126	0.27777778
40S ribosomal protein S4-A	40S ribosomal protein S4-A	7.02522523	0.38095238	0.14234419	false	0	0	19	23312	7	0.00374187	8.0	7	0	0.75899099	0.25
Pre-rRNA-processing protein PNO1	Pre-rRNA-processing protein PNO1	7.56036036	0.46428571	0.13226883	false	0	0	20	21078	8	0.00440829	10.125	8	0	0.73758559	0.28125
U3 small nucleolar RNA-associated protein 13	U3 small nucleolar RNA-associated protein 13	7.53153153	0.38095238	0.13277512	false	0	0	20	20346	7	0.00571816	10.14285714	7	0	0.73873874	0.26007326
U3 small nucleolar RNA-associated protein 4	U3 small nucleolar RNA-associated protein 4	7.63603604	0.38095238	0.130958	false	0	0	20	19640	7	0.00288588	8.85714286	7	0	0.73455856	0.27678571
40S ribosomal protein S27-A	40S ribosomal protein S27-A	7.18918919	0.4	0.13909774	false	0	0	19	18140	6	0.00330115	8.33333333	6	0	0.75243243	0.29166667
Nucleolar protein 56	Nucleolar protein 56	7.52072072	0.38095238	0.13296598	false	0	0	20	15872	7	0.00283525	9.28571429	7	0	0.73917117	0.28138528
Regulator of ribosome biosynthesis	Regulator of ribosome biosynthesis	7.75315315	0.53333333	0.12897978	false	0	0	19	15702	6	5.2568E-4	7.66666667	6	0	0.72987387	0.30666667
Antiviral helicase SKI2	Antiviral helicase SKI2	7.16396396	0.4	0.13958753	false	0	0	18	15604	6	5.0554E-4	8.0	6	0	0.75344144	0.30769231
60S ribosome subunit biogenesis protein NIP7	60S ribosome subunit biogenesis protein NIP7	7.87567568	0.33333333	0.12697323	false	0	0	19	14946	3	4.5069E-4	5.33333333	3	0	0.72497297	0.41666667
Ribosome biogenesis protein 15	Ribosome biogenesis protein 15	7.93873874	0.83333333	0.12596459	false	0	0	20	14858	4	1.3767E-4	13.0	4	0	0.72245045	0.41935484
Superkiller protein 3	Superkiller protein 3	7.36216216	0.66666667	0.13582966	false	0	0	18	14840	3	2.2423E-4	6.66666667	3	0	0.74551351	0.47619048
40S Ribosomal Protein S12	40S Ribosomal Protein S12	7.13873874	0.0	0.14008077	false	0	0	17	14796	2	3.5349E-4	7.5	2	0	0.75445045	0.65
60S ribosomal protein L34-A	60S ribosomal protein L34-A	7.53513514	0.31111111	0.13271162	false	0	0	20	14262	10	0.00546848	9.7	10	0	0.73859459	0.19387755
rRNA-processing protein FCF1	rRNA-processing protein FCF1	7.5009009	0.33333333	0.13331732	false	0	0	20	13358	9	0.0019502	10.33333333	9	0	0.73996396	0.21985816
Probable metalloprotease ARX1	Probable metalloprotease ARX1	7.8036036	0.33333333	0.12814592	false	0	0	20	12662	7	0.00148106	11.14285714	7	0	0.72785586	0.25913621
40S ribosomal protein S14-A	40S ribosomal protein S14-A	7.6972973	0.38888889	0.12991573	false	0	0	20	11968	9	0.00147959	7.55555556	9	0	0.73210811	0.2605364
Ribosomal RNA small subunit methyltransferase NEP1	Ribosomal RNA small subunit methyltransferase NEP1	7.63063063	0.26666667	0.13105077	false	0	0	20	11722	6	0.0013929	8.83333333	6	0	0.73477477	0.24761905
60S ribosomal protein L39	60S ribosomal protein L39	7.79099099	0.31111111	0.12835338	false	0	0	20	10902	10	0.00334201	10.6	10	0	0.72836036	0.20588235
60S ribosomal protein L35-A	60S ribosomal protein L35-A	7.78378378	0.27272727	0.12847222	false	0	0	20	9228	11	0.00255728	11.0	11	0	0.72864865	0.19642857
U3 small nucleolar RNA-associated protein 12	U3 small nucleolar RNA-associated protein 12	7.66306306	0.42857143	0.13049612	false	0	0	20	7876	8	8.5641E-4	9.25	8	0	0.73347748	0.27205882
Eukaryotic translation initiation factor 6	Eukaryotic translation initiation factor 6	7.22702703	0.61904762	0.13836948	false	0	0	19	7220	7	7.5888E-4	10.57142857	7	0	0.75091892	0.27106227
40S ribosomal protein S10-A	40S ribosomal protein S10-A	7.08648649	0.33333333	0.14111365	false	0	0	18	6492	6	8.1377E-4	9.83333333	6	0	0.75654054	0.31182796
40S ribosomal protein S28-B	40S ribosomal protein S28-B	7.90630631	0.5	0.12648131	false	0	0	20	6476	5	2.4913E-4	7.8	5	0	0.72374775	0.41052632
40S ribosomal protein S0-A	40S ribosomal protein S0-A	7.1963964	0.33333333	0.13895844	false	0	0	19	6324	10	0.00237994	7.1	10	0	0.75214414	0.221875
Protein FAF1	Protein FAF1	7.61261261	0.33333333	0.13136095	false	0	0	20	6230	6	0.00141699	8.66666667	6	0	0.7354955	0.30357143
U3 small nucleolar RNA-associated protein 7	U3 small nucleolar RNA-associated protein 7	7.65765766	0.41666667	0.13058824	false	0	0	20	5702	9	7.2455E-4	9.33333333	9	0	0.73369369	0.2745098
Serine/threonine-protein kinase RIO2	Serine/threonine-protein kinase RIO2	6.76756757	0.26666667	0.14776358	false	0	0	18	5552	6	0.00124113	12.16666667	6	0	0.7692973	0.25177305
40S ribosomal protein S14-B	40S ribosomal protein S14-B	7.78018018	0.5	0.12853173	false	0	0	20	5240	4	8.4466E-4	9.75	4	0	0.72879279	0.39
Antiviral protein SKI8	Antiviral protein SKI8	7.25225225	0.46666667	0.1378882	false	0	0	19	5198	6	0.00210699	9.33333333	6	0	0.74990991	0.32183908
CYTOPLASMIC 60S SUBUNIT BIOGENESIS FACTOR REI1	CYTOPLASMIC 60S SUBUNIT BIOGENESIS FACTOR REI1	7.84864865	0.28571429	0.12741047	false	0	0	20	4384	7	0.00135085	11.42857143	7	0	0.72605405	0.25974026
Cytoplasmic 60S subunit biogenesis factor REI1	Cytoplasmic 60S subunit biogenesis factor REI1	7.84864865	0.28571429	0.12741047	false	0	0	20	4384	7	0.00135085	11.42857143	7	0	0.72605405	0.25974026
Bud site selection protein 20	Bud site selection protein 20	7.27747748	0.73333333	0.13741025	false	0	0	19	4216	6	1.589E-4	10.83333333	6	0	0.7489009	0.30952381
U3 small nucleolar RNA-associated protein 5	U3 small nucleolar RNA-associated protein 5	7.79099099	0.42857143	0.12835338	false	0	0	20	4168	7	0.00137964	7.57142857	7	0	0.72836036	0.30285714
SAGA-associated factor 11	SAGA-associated factor 11	8.82522523	0.83333333	0.11331156	false	0	0	15	3122	4	2.732E-4	4.5	4	0	0.68699099	0.5625
SAGA-associated factor 73	SAGA-associated factor 73	8.82522523	0.83333333	0.11331156	false	0	0	15	3122	4	2.732E-4	4.5	4	0	0.68699099	0.5625
Guanine nucleotide-binding protein subunit beta-like protein	Guanine nucleotide-binding protein subunit beta-like protein	7.22522523	0.42857143	0.13840399	false	0	0	19	3098	7	0.00112529	8.85714286	7	0	0.75099099	0.2605042
60S ribosomal protein L32	60S ribosomal protein L32	8.1027027	0.38095238	0.12341561	false	0	0	20	3046	7	0.00112601	10.14285714	7	0	0.71589189	0.28979592
A6ZMA9:#Ribosome biogenesis protein ERB1#Q04660:#Ribosome biogenesis protein ERB1	A6ZMA9:#Ribosome biogenesis protein ERB1#Q04660:#Ribosome biogenesis protein ERB1	8.33873874	0.35714286	0.11992221	false	0	0	21	2698	8	7.5072E-4	10.25	8	0	0.70645045	0.29779412
U3 small nucleolar RNA-associated protein 10	U3 small nucleolar RNA-associated protein 10	7.67387387	0.46428571	0.13031228	false	0	0	20	2666	8	8.0193E-4	9.25	8	0	0.73304505	0.2890625
60S ribosomal protein L8-A (eL8)	60S ribosomal protein L8-A (eL8)	7.66486486	0.4	0.13046544	false	0	0	20	2548	5	4.8214E-4	12.6	5	0	0.73340541	0.32307692
Ribosome biogenesis protein TSR1	Ribosome biogenesis protein TSR1	6.80900901	0.6	0.14686425	false	0	0	18	2402	5	4.8899E-4	12.2	5	0	0.76763964	0.31282051
60S ribosomal protein L36-B	60S ribosomal protein L36-B	7.92972973	0.6	0.1261077	false	0	0	20	2238	5	2.3698E-4	14.6	5	0	0.72281081	0.39459459
rRNA-processing protein FCF2	rRNA-processing protein FCF2	7.71531532	0.33333333	0.12961233	false	0	0	20	1908	7	4.8269E-4	9.57142857	7	0	0.73138739	0.29910714
Nucleolar complex-associated protein 3	Nucleolar complex-associated protein 3	7.90990991	0.16666667	0.12642369	false	0	0	20	1738	4	6.6149E-4	9.75	4	0	0.7236036	0.33035714
40S ribosomal protein S8-A	40S ribosomal protein S8-A	7.4	0.33333333	0.13513514	false	0	0	19	1562	3	4.171E-4	6.33333333	3	0	0.744	0.4
Ribosome biogenesis protein BRX1	Ribosome biogenesis protein BRX1	8.17477477	0.38888889	0.12232753	false	0	0	20	1552	9	5.6731E-4	10.66666667	9	0	0.71300901	0.24806202
Nuclear GTP-binding protein NUG1	Nuclear GTP-binding protein NUG1	7.71531532	0.66666667	0.12961233	false	0	0	19	1458	4	7.415E-5	9.0	4	0	0.73138739	0.47368421
60S ribosomal protein L29	60S ribosomal protein L29	8.23243243	0.5	0.12147078	false	0	0	20	1384	4	3.4592E-4	10.0	4	0	0.7107027	0.4
40S ribosomal protein S26-B	40S ribosomal protein S26-B	7.98918919	0.5	0.12516915	false	0	0	20	1380	5	3.5106E-4	8.2	5	0	0.72043243	0.41
60S ribosomal protein L43-A	60S ribosomal protein L43-A	7.72612613	0.5	0.12943097	false	0	0	20	1366	5	5.3075E-4	9.0	5	0	0.73095495	0.33846154
Ribosome biogenesis protein NOP53	Ribosome biogenesis protein NOP53	7.88108108	0.57142857	0.12688615	false	0	0	20	1328	7	3.9035E-4	12.28571429	7	0	0.72475676	0.29965157
Small nuclear ribonucleoprotein G	Small nuclear ribonucleoprotein G	10.62342342	0.52380952	0.09413161	false	0	0	24	1252	7	5.2305E-4	8.42857143	7	0	0.61506306	0.31216931
Cytoplasmic 60S subunit biogenesis factor REH1	Cytoplasmic 60S subunit biogenesis factor REH1	7.93333333	0.46666667	0.12605042	false	0	0	20	1220	6	4.0995E-4	14.33333333	6	0	0.72266667	0.31851852
U3 small nucleolar RNA-associated protein 22	U3 small nucleolar RNA-associated protein 22	7.78918919	0.33333333	0.12838307	false	0	0	20	1196	4	0.00128534	6.75	4	0	0.72843243	0.30681818
Pre-mRNA-processing factor 17	Pre-mRNA-processing factor 17	9.68828829	0.47619048	0.10321741	false	0	0	23	1192	7	5.6478E-4	13.57142857	7	0	0.65246847	0.25824176
60S ribosomal protein L43-B	60S ribosomal protein L43-B	7.76756757	0.6	0.12874043	false	0	0	20	1172	5	3.8347E-4	9.2	5	0	0.7292973	0.35384615
U3 small nucleolar RNA-associated protein 6	U3 small nucleolar RNA-associated protein 6	7.8	0.5	0.12820513	false	0	0	20	1164	8	2.7088E-4	8.375	8	0	0.728	0.335
RNA cytidine acetyltransferase	RNA cytidine acetyltransferase	7.3027027	0.0	0.1369356	false	0	0	19	984	2	4.3911E-4	10.5	2	0	0.74789189	0.5
KRR1 small subunit processome component	KRR1 small subunit processome component	7.78918919	0.33333333	0.12838307	false	0	0	20	956	3	6.7146E-4	9.66666667	3	0	0.72843243	0.42424242
Exosome complex protein LRP1	Exosome complex protein LRP1	8.82342342	0.66666667	0.11333469	false	0	0	21	912	4	2.8519E-4	9.25	4	0	0.68706306	0.44047619
U3 small nucleolar RNA-associated protein 8	U3 small nucleolar RNA-associated protein 8	8.0	0.7	0.125	false	0	0	20	822	5	1.9205E-4	6.8	5	0	0.72	0.425
DNA-directed RNA polymerase II subunit RPB3	DNA-directed RNA polymerase II subunit RPB3	12.71891892	0.57142857	0.07862303	false	0	0	21	796	7	3.3265E-4	12.28571429	7	0	0.53124324	0.29251701
rRNA-processing protein CGR1	rRNA-processing protein CGR1	7.82882883	0.66666667	0.12773303	false	0	0	19	750	4	2.3704E-4	8.75	4	0	0.72684685	0.4375
NET1-associated nuclear protein 1	NET1-associated nuclear protein 1	7.89009009	0.52380952	0.12674127	false	0	0	20	686	7	2.2887E-4	8.42857143	7	0	0.7243964	0.36645963
DNA-directed RNA polymerase II subunit RPB11	DNA-directed RNA polymerase II subunit RPB11	12.72252252	0.66666667	0.07860076	false	0	0	21	614	6	2.0456E-4	13.33333333	6	0	0.5310991	0.32520325
60S ribosomal protein L35-B	60S ribosomal protein L35-B	7.92792793	0.16666667	0.12613636	false	0	0	20	610	4	1.4898E-4	13.75	4	0	0.72288288	0.36805556
60S ribosomal protein L2-B	60S ribosomal protein L2-B	7.93873874	0.33333333	0.12596459	false	0	0	20	426	3	1.5189E-4	14.0	3	0	0.72245045	0.45555556
25S rRNA (cytosine(2870)-C(5))-methyltransferase	25S rRNA (cytosine(2870)-C(5))-methyltransferase	7.76756757	0.33333333	0.12874043	false	0	0	19	414	3	1.3334E-4	7.66666667	3	0	0.7292973	0.38596491
60S ribosomal protein L22-A	60S ribosomal protein L22-A	7.8990991	0.4	0.12659672	false	0	0	20	408	5	1.4772E-4	10.0	5	0	0.72403604	0.37037037
40S ribosomal protein S19-A	40S ribosomal protein S19-A	7.44144144	0.33333333	0.13438257	false	0	0	19	348	3	1.4265E-4	13.66666667	3	0	0.74234234	0.41666667
40S ribosomal protein S25-A	40S ribosomal protein S25-A	7.44144144	0.33333333	0.13438257	false	0	0	19	348	3	1.4265E-4	13.66666667	3	0	0.74234234	0.41666667
null#P38861:#60S ribosomal export protein NMD3	null#P38861:#60S ribosomal export protein NMD3	7.64324324	0.0	0.13083451	false	0	0	19	314	2	1.1551E-4	8.5	2	0	0.73427027	0.53571429
60S ribosomal export protein NMD3	60S ribosomal export protein NMD3	7.64324324	0.0	0.13083451	false	0	0	19	314	2	1.1551E-4	8.5	2	0	0.73427027	0.53571429
ATP-dependent RNA helicase HAS1	ATP-dependent RNA helicase HAS1	8.34594595	0.57142857	0.11981865	false	0	0	21	296	7	8.603E-5	12.14285714	7	0	0.70616216	0.32818533
Proteasome subunit beta type-7	Proteasome subunit beta type-7	8.45945946	0.41666667	0.11821086	false	0	0	17	274	9	1.1233E-4	17.55555556	9	0	0.70162162	0.31919192
rRNA biogenesis protein RRP5	rRNA biogenesis protein RRP5	7.97117117	0.33333333	0.12545208	false	0	0	20	266	3	1.8363E-4	5.0	3	0	0.72115315	0.42424242
Bud site selection protein 21	Bud site selection protein 21	7.76936937	0.66666667	0.12871058	false	0	0	20	194	3	3.243E-5	10.33333333	3	0	0.72922523	0.49206349
Transcription factor TFIIIB component B''	Transcription factor TFIIIB component B''	14.54774775	0.53333333	0.06873916	false	0	0	23	186	6	1.5058E-4	7.66666667	6	0	0.45809009	0.34848485
Ribosome biogenesis protein RPF2	Ribosome biogenesis protein RPF2	8.25405405	0.83333333	0.12115259	false	0	0	20	170	4	5.825E-5	7.25	4	0	0.70983784	0.48333333
Pre-mRNA-splicing factor SPP382	Pre-mRNA-splicing factor SPP382	9.70630631	0.53333333	0.1030258	false	0	0	23	168	6	6.4E-5	14.16666667	6	0	0.65174775	0.28911565
P28062:#Proteasome subunit beta type-8#P30656:#Proteasome subunit beta type-5	P28062:#Proteasome subunit beta type-8#P30656:#Proteasome subunit beta type-5	8.46486486	0.47619048	0.11813538	false	0	0	17	150	7	4.709E-5	21.14285714	7	0	0.70140541	0.37755102
Ribosome biogenesis protein ENP2	Ribosome biogenesis protein ENP2	7.63063063	0.0	0.13105077	false	0	0	19	144	2	5.86E-5	6.0	2	0	0.73477477	0.55555556
Ribosomal RNA-processing protein 7	Ribosomal RNA-processing protein 7	8.01441441	0.33333333	0.12477518	false	0	0	20	144	3	1.0292E-4	4.33333333	3	0	0.71942342	0.44444444
60S ribosomal protein L1-A	60S ribosomal protein L1-A	8.3027027	0.0	0.12044271	false	0	0	20	134	2	2.647E-5	7.5	2	0	0.70789189	0.59090909
P28063:#Proteasome subunit beta type-8#P30656:#Proteasome subunit beta type-5	P28063:#Proteasome subunit beta type-8#P30656:#Proteasome subunit beta type-5	8.47207207	0.46666667	0.11803488	false	0	0	17	132	6	4.0E-5	19.16666667	6	0	0.70111712	0.36163522
P20618:#Proteasome subunit beta type-1#P23724:#Proteasome subunit beta type-6	P20618:#Proteasome subunit beta type-1#P23724:#Proteasome subunit beta type-6	8.47387387	0.47619048	0.11800978	false	0	0	17	132	7	4.173E-5	17.85714286	7	0	0.70104505	0.34340659
P28074:#Proteasome subunit beta type-5#P30656:#Proteasome subunit beta type-5	P28074:#Proteasome subunit beta type-5#P30656:#Proteasome subunit beta type-5	8.47207207	0.46666667	0.11803488	false	0	0	17	132	6	3.814E-5	19.33333333	6	0	0.70111712	0.36477987
Pre-mRNA-splicing factor CWC22	Pre-mRNA-splicing factor CWC22	9.71531532	0.5	0.10293027	false	0	0	23	126	5	5.372E-5	13.0	5	0	0.65138739	0.2826087
O09061:#Proteasome subunit beta type-1#P23724:#Proteasome subunit beta type-6	O09061:#Proteasome subunit beta type-1#P23724:#Proteasome subunit beta type-6	8.47567568	0.46666667	0.11798469	false	0	0	17	124	6	3.657E-5	19.66666667	6	0	0.70097297	0.37820513
DNA-directed RNA polymerase III subunit RPC6	DNA-directed RNA polymerase III subunit RPC6	14.56216216	0.5	0.06867112	false	0	0	23	122	8	7.584E-5	8.0	8	0	0.45751351	0.4
Mediator of RNA polymerase II transcription subunit 20	Mediator of RNA polymerase II transcription subunit 20	12.76936937	0.6	0.0783124	false	0	0	21	120	5	4.253E-5	11.4	5	0	0.52922523	0.34545455
General transcription and DNA repair factor IIH helicase subunit XPD	General transcription and DNA repair factor IIH helicase subunit XPD	14.65765766	0.0	0.06822372	false	0	0	23	108	2	4.066E-5	3.5	2	0	0.45369369	0.5
Pre-mRNA-splicing factor CWC24	Pre-mRNA-splicing factor CWC24	9.70990991	0.7	0.10298757	false	0	0	23	108	5	7.512E-5	16.2	5	0	0.6516036	0.31153846
Pre-mRNA-splicing factor PRP46	Pre-mRNA-splicing factor PRP46	9.70630631	0.71428571	0.1030258	false	0	0	23	106	7	2.615E-5	13.85714286	7	0	0.65174775	0.28869048
Mediator of RNA polymerase II transcription subunit 14	Mediator of RNA polymerase II transcription subunit 14	13.74774775	0.39285714	0.07273919	false	0	0	22	106	8	1.6121E-4	5.75	8	0	0.49009009	0.359375
26S proteasome regulatory subunit RPN9	26S proteasome regulatory subunit RPN9	6.83603604	0.71428571	0.14628361	false	0	0	15	106	8	2.242E-5	11.625	8	0	0.76655856	0.484375
RNA polymerase I-specific transcription initiation factor RRN3	RNA polymerase I-specific transcription initiation factor RRN3	14.54954955	0.61904762	0.06873065	false	0	0	23	104	7	5.91E-5	9.28571429	7	0	0.45801802	0.42207792
Pre-mRNA-splicing factor SLT11	Pre-mRNA-splicing factor SLT11	10.62522523	0.47222222	0.09411565	false	0	0	24	98	9	6.359E-5	9.0	9	0	0.61499099	0.34615385
40S ribosomal protein S10-B	40S ribosomal protein S10-B	7.09189189	0.5	0.1410061	false	0	0	18	98	4	3.299E-5	12.75	4	0	0.75632432	0.41129032
Proteasome subunit beta type-4	Proteasome subunit beta type-4	8.48108108	0.47619048	0.1179095	false	0	0	17	88	7	2.538E-5	15.57142857	7	0	0.70075676	0.33130699
Mediator of RNA polymerase II transcription subunit 22	Mediator of RNA polymerase II transcription subunit 22	13.69009009	0.66666667	0.07304554	false	0	0	22	86	6	2.684E-5	6.83333333	6	0	0.4923964	0.48809524
Pre-mRNA-splicing factor CWC23	Pre-mRNA-splicing factor CWC23	9.71351351	0.8	0.10294936	false	0	0	23	86	5	1.486E-5	16.4	5	0	0.65145946	0.34893617
Ribosomal RNA-processing protein 1	Ribosomal RNA-processing protein 1	8.2018018	0.8	0.12192443	false	0	0	20	82	5	3.435E-5	12.4	5	0	0.71192793	0.37575758
60S ribosomal protein L18-B	60S ribosomal protein L18-B	8.12252252	0.66666667	0.12311446	false	0	0	20	76	4	3.237E-5	13.75	4	0	0.7150991	0.4296875
DNA-directed RNA polymerase II subunit RPB9	DNA-directed RNA polymerase II subunit RPB9	11.92252252	0.83333333	0.08387487	false	0	0	20	60	4	4.34E-5	14.0	4	0	0.5630991	0.42424242
Rpl9ap	Rpl9ap	7.9027027	0.33333333	0.12653899	false	0	0	19	58	3	3.242E-5	8.33333333	3	0	0.72389189	0.47058824
U6 snRNA-associated Sm-like protein LSm3	U6 snRNA-associated Sm-like protein LSm3	9.93153153	0.6	0.1006894	false	0	0	23	54	5	4.127E-5	5.2	5	0	0.64273874	0.52
Proteasome-interacting protein CIC1	Proteasome-interacting protein CIC1	8.36936937	0.6	0.11948332	false	0	0	21	50	5	2.362E-5	10.8	5	0	0.70522523	0.38571429
U4/U6 small nuclear ribonucleoprotein PRP4	U4/U6 small nuclear ribonucleoprotein PRP4	8.08108108	0.7	0.12374582	false	0	0	21	48	5	2.411E-5	10.6	5	0	0.71675676	0.32121212
Proteasome activator BLM10	Proteasome activator BLM10	8.25045045	0.85714286	0.1212055	false	0	0	16	46	7	9.16E-6	15.85714286	7	0	0.70998198	0.45306122
Exosome complex component RRP45	Exosome complex component RRP45	9.81621622	0.58333333	0.10187225	false	0	0	22	44	9	4.248E-5	7.66666667	9	0	0.64735135	0.51111111
Pre-mRNA-processing factor 19	Pre-mRNA-processing factor 19	10.65225225	0.47619048	0.09387686	false	0	0	24	40	7	3.849E-5	7.85714286	7	0	0.61390991	0.39285714
DNA-directed RNA polymerase III subunit RPC5	DNA-directed RNA polymerase III subunit RPC5	14.56756757	0.5	0.06864564	false	0	0	23	36	5	3.175E-5	7.4	5	0	0.4572973	0.37
Ac-LAD-ep	Ac-LAD-ep	9.12612613	0.7	0.10957552	false	0	0	17	34	5	3.14E-6	30.2	5	0	0.67495495	0.67111111
Ac-LAE-ep	Ac-LAE-ep	9.12612613	0.7	0.10957552	false	0	0	17	34	5	3.14E-6	30.2	5	0	0.67495495	0.67111111
Ac-LAF-ep	Ac-LAF-ep	9.12612613	0.7	0.10957552	false	0	0	17	34	5	3.14E-6	30.2	5	0	0.67495495	0.67111111
Ac-LAI-ep	Ac-LAI-ep	9.12612613	0.7	0.10957552	false	0	0	17	34	5	3.14E-6	30.2	5	0	0.67495495	0.67111111
Ac-LAL-ep	Ac-LAL-ep	9.12612613	0.7	0.10957552	false	0	0	17	34	5	3.14E-6	30.2	5	0	0.67495495	0.67111111
Ac-LAY-ep	Ac-LAY-ep	9.12612613	0.7	0.10957552	false	0	0	17	34	5	3.14E-6	30.2	5	0	0.67495495	0.67111111
Ac-PAL-ep	Ac-PAL-ep	9.12612613	0.7	0.10957552	false	0	0	17	34	5	3.14E-6	30.2	5	0	0.67495495	0.67111111
Ac-PLL-ep	Ac-PLL-ep	9.12612613	0.7	0.10957552	false	0	0	17	34	5	3.14E-6	30.2	5	0	0.67495495	0.67111111
N3-A(4,4-F2P)nLL-ep	N3-A(4,4-F2P)nLL-ep	9.12612613	0.7	0.10957552	false	0	0	17	34	5	3.14E-6	30.2	5	0	0.67495495	0.67111111
N3-APAL-ep	N3-APAL-ep	9.12612613	0.7	0.10957552	false	0	0	17	34	5	3.14E-6	30.2	5	0	0.67495495	0.67111111
N3-APnLL-ep	N3-APnLL-ep	9.12612613	0.7	0.10957552	false	0	0	17	34	5	3.14E-6	30.2	5	0	0.67495495	0.67111111
SYRINGOLIN-GLIDOBACTIN CHIMERA	SYRINGOLIN-GLIDOBACTIN CHIMERA	9.12612613	0.7	0.10957552	false	0	0	17	34	5	3.14E-6	30.2	5	0	0.67495495	0.67111111
60S ribosomal protein L4-B	60S ribosomal protein L4-B	8.76396396	0.33333333	0.11410362	false	0	0	21	32	3	1.651E-5	10.33333333	3	0	0.68944144	0.45454545
Ac-APLL-ep	Ac-APLL-ep	9.12792793	0.66666667	0.10955389	false	0	0	17	30	4	2.52E-6	30.5	4	0	0.67488288	0.67777778
Ac-PAF-ep	Ac-PAF-ep	9.12792793	0.66666667	0.10955389	false	0	0	17	30	4	2.52E-6	30.5	4	0	0.67488288	0.67777778
Ac-PAY-ep	Ac-PAY-ep	9.12792793	0.66666667	0.10955389	false	0	0	17	30	4	2.52E-6	30.5	4	0	0.67488288	0.67777778
H-APLL-ep	H-APLL-ep	9.12792793	0.66666667	0.10955389	false	0	0	17	30	4	2.52E-6	30.5	4	0	0.67488288	0.67777778
Proteasome assembly chaperone 2	Proteasome assembly chaperone 2	8.52432432	0.66666667	0.11731135	false	0	0	17	30	4	9.11E-6	14.0	4	0	0.69902703	0.51851852
DNA-directed RNA polymerase III subunit RPC9	DNA-directed RNA polymerase III subunit RPC9	14.57477477	0.83333333	0.06861169	false	0	0	23	22	4	5.92E-6	10.5	4	0	0.45700901	0.55263158
26S proteasome regulatory subunit RPN12	26S proteasome regulatory subunit RPN12	6.86306306	0.85714286	0.14570753	false	0	0	15	20	7	7.54E-6	12.85714286	7	0	0.76547748	0.53571429
General transcription and DNA repair factor IIH subunit SSL1	General transcription and DNA repair factor IIH subunit SSL1	14.69369369	0.33333333	0.06805641	false	0	0	23	18	3	4.12E-5	3.0	3	0	0.45225225	0.44444444
U4/U6 snRNA-associated-splicing factor PRP24	U4/U6 snRNA-associated-splicing factor PRP24	9.95855856	0.33333333	0.10041614	false	0	0	23	16	4	2.483E-5	5.0	4	0	0.64165766	0.5
Exosome complex component RRP42	Exosome complex component RRP42	9.81981982	0.71428571	0.10183486	false	0	0	22	16	8	1.258E-5	8.375	8	0	0.64720721	0.59821429
Pre-mRNA-splicing factor 38	Pre-mRNA-splicing factor 38	9.72612613	0.66666667	0.10281586	false	0	0	23	14	3	5.37E-6	16.33333333	3	0	0.65095495	0.37984496
60S ribosomal protein L38	60S ribosomal protein L38	8.78378378	0.0	0.11384615	false	0	0	21	12	2	3.55E-6	11.5	2	0	0.68864865	0.75
HAT1-interacting factor 1	HAT1-interacting factor 1	11.69189189	0.0	0.08552936	false	0	0	19	12	2	1.084E-5	4.5	2	0	0.57232432	0.7
RDS3 complex subunit 10	RDS3 complex subunit 10	9.8018018	0.83333333	0.10202206	false	0	0	23	12	4	5.7E-6	8.25	4	0	0.64792793	0.515625
Sm-like protein LSm1	Sm-like protein LSm1	9.93153153	0.5	0.1006894	false	0	0	23	12	4	1.149E-5	5.75	4	0	0.64273874	0.55
DNA-directed RNA polymerase I subunit RPA49	DNA-directed RNA polymerase I subunit RPA49	14.57657658	0.7	0.06860321	false	0	0	23	10	5	8.57E-6	8.6	5	0	0.45693694	0.5375
Mediator of RNA polymerase II transcription subunit 4	Mediator of RNA polymerase II transcription subunit 4	13.76216216	0.7	0.072663	false	0	0	22	8	5	7.43E-6	6.2	5	0	0.48951351	0.56363636
Proteasome chaperone 1	Proteasome chaperone 1	8.52792793	0.83333333	0.11726178	false	0	0	17	8	4	3.52E-6	14.5	4	0	0.69888288	0.55769231
DNA-directed RNA polymerase III subunit RPC7	DNA-directed RNA polymerase III subunit RPC7	14.59099099	0.7	0.06853544	false	0	0	23	6	5	5.42E-6	7.6	5	0	0.45636036	0.475
DNA-directed RNA polymerase I subunit RPA12	DNA-directed RNA polymerase I subunit RPA12	14.57837838	0.83333333	0.06859473	false	0	0	23	6	4	3.15E-6	9.5	4	0	0.45686486	0.59375
Small nuclear ribonucleoprotein E	Small nuclear ribonucleoprotein E	10.73513514	0.66666667	0.09315206	false	0	0	24	6	4	4.55E-6	7.0	4	0	0.61059459	0.53846154
Mediator of RNA polymerase II transcription subunit 21	Mediator of RNA polymerase II transcription subunit 21	13.76396396	0.7	0.07265349	false	0	0	22	6	5	7.59E-6	5.8	5	0	0.48944144	0.58
Exosome complex component RRP46	Exosome complex component RRP46	9.82522523	0.8	0.10177884	false	0	0	22	6	5	3.53E-6	9.0	5	0	0.64699099	0.64285714
ALA-ALA-ALA-ALA-ALA-ALA-ALA-ALA-ALA-ALA-ALA-ALA-ALA-ALA-ALA-ALA	ALA-ALA-ALA-ALA-ALA-ALA-ALA-ALA-ALA-ALA-ALA-ALA-ALA-ALA-ALA-ALA	14.64504505	0.66666667	0.06828248	false	0	0	23	4	3	5.42E-6	4.66666667	3	0	0.4541982	0.46666667
Protein HSH49	Protein HSH49	9.79459459	0.83333333	0.10209713	false	0	0	23	4	4	1.95E-6	8.5	4	0	0.64821622	0.53125
U6 snRNA-associated Sm-like protein LSm7	U6 snRNA-associated Sm-like protein LSm7	9.96396396	0.33333333	0.10036166	false	0	0	23	4	3	6.5E-6	4.0	3	0	0.64144144	0.52380952
ALA-ALA-ALA-ALA-ALA-ALA-ALA-ALA-ALA-ALA-ALA-ALA-ALA-ALA-ALA-ALA-ALA-ALA-ALA-ALA-ALA-ALA-ALA-ALA	ALA-ALA-ALA-ALA-ALA-ALA-ALA-ALA-ALA-ALA-ALA-ALA-ALA-ALA-ALA-ALA-ALA-ALA-ALA-ALA-ALA-ALA-ALA-ALA	15.55675676	0.0	0.06428075	false	0	0	24	2	2	3.25E-6	4.0	2	0	0.41772973	0.6
P00720:#Endolysin#Q08491:#Superkiller protein 7	P00720:#Endolysin#Q08491:#Superkiller protein 7	9.82702703	0.83333333	0.10176018	false	0	0	22	2	4	8.1E-7	9.75	4	0	0.64691892	0.69642857
Mediator of RNA polymerase II transcription subunit 10	Mediator of RNA polymerase II transcription subunit 10	13.76576577	0.83333333	0.07264398	false	0	0	22	2	4	2.17E-6	6.0	4	0	0.48936937	0.6
Exosome complex component SKI6	Exosome complex component SKI6	9.82522523	0.9	0.10177884	false	0	0	22	2	5	8.1E-7	8.6	5	0	0.64699099	0.61428571
Pre-mRNA-splicing factor CWC21	Pre-mRNA-splicing factor CWC21	9.72072072	0.83333333	0.10287303	false	0	0	23	2	4	2.17E-6	15.25	4	0	0.65117117	0.34659091
Pre-mRNA-splicing factor SLU7	Pre-mRNA-splicing factor SLU7	9.73513514	0.66666667	0.10272071	false	0	0	23	2	3	3.25E-6	16.33333333	3	0	0.65059459	0.38888889
RuvB-like protein 1	RuvB-like protein 1	12.28828829	0.83333333	0.0813783	false	0	0	20	2	4	2.17E-6	4.75	4	0	0.54846847	0.59375
Exosome complex exonuclease DIS3	Exosome complex exonuclease DIS3	9.82522523	0.9	0.10177884	false	0	0	22	2	5	8.1E-7	8.6	5	0	0.64699099	0.61428571
40S ribosomal protein S15 (uS19)	40S ribosomal protein S15 (uS19)	7.1045045	1.0	0.14075577	false	0	0	18	0	3	0.0	12.33333333	3	0	0.75581982	0.45679012
ALA-ALA-ALA-ALA-ALA-ALA-ALA-ALA-ALA-ALA	ALA-ALA-ALA-ALA-ALA-ALA-ALA-ALA-ALA-ALA	14.64864865	1.0	0.06826568	false	0	0	23	0	2	0.0	6.0	2	0	0.45405405	0.66666667
ALA-ALA-ALA-ALA-ALA-ALA-ALA-ALA-ALA-ALA-ALA-ALA-ALA	ALA-ALA-ALA-ALA-ALA-ALA-ALA-ALA-ALA-ALA-ALA-ALA-ALA	15.64144144	0.0	0.06393273	false	0	0	24	0	1	0.0	3.0	1	0	0.41434234	0.0
ARX1	ARX1	8.17837838	0.0	0.12227363	false	0	0	20	0	1	0.0	9.0	1	0	0.71286486	0.0
Ac-PAD-ep	Ac-PAD-ep	9.15675676	1.0	0.10920897	false	0	0	17	0	2	0.0	29.5	2	0	0.67372973	0.77631579
Ac-PAE-ep	Ac-PAE-ep	9.15675676	1.0	0.10920897	false	0	0	17	0	2	0.0	29.5	2	0	0.67372973	0.77631579
NAD-dependent protein deacetylase HST2	NAD-dependent protein deacetylase HST2	10.15135135	0.0	0.09850905	false	0	0	17	0	1	0.0	10.0	1	0	0.63394595	0.0
BOC-ALA-ALA-ALA-CHO	BOC-ALA-ALA-ALA-CHO	9.12972973	1.0	0.10953227	false	0	0	17	0	4	0.0	32.0	4	0	0.67481081	0.72727273
CWC22	CWC22	9.72252252	1.0	0.10285397	false	0	0	23	0	3	0.0	19.0	3	0	0.6510991	0.43181818
U1 snRNP	U1 snRNP	10.76036036	1.0	0.09293369	false	0	0	24	0	2	0.0	9.0	2	0	0.60958559	0.69230769
ES17	ES17	7.55315315	1.0	0.13239504	false	0	0	19	0	3	0.0	12.0	3	0	0.73787387	0.52173913
Ribosome biogenesis protein YTM1	Ribosome biogenesis protein YTM1	8.78738739	0.0	0.11379947	false	0	0	21	0	1	0.0	15.0	1	0	0.6885045	0.0
Regulator of rDNA transcription 14	Regulator of rDNA transcription 14	7.57117117	1.0	0.13207996	false	0	0	19	0	2	0.0	10.0	2	0	0.73715315	0.55555556
Ubiquitinyl hydrolase 1	Ubiquitinyl hydrolase 1	9.05225225	1.0	0.11046975	false	0	0	15	0	3	0.0	5.0	3	0	0.67790991	0.71428571
26S proteasome regulatory subunit RPN13	26S proteasome regulatory subunit RPN13	7.81441441	0.0	0.12796864	false	0	0	16	0	1	0.0	10.0	1	0	0.72742342	0.0
Histone acetyltransferase type B catalytic subunit	Histone acetyltransferase type B catalytic subunit	9.98018018	1.0	0.10019859	false	0	0	17	0	2	0.0	6.5	2	0	0.64079279	0.59090909
Histone acetyltransferase GCN5	Histone acetyltransferase GCN5	10.15135135	0.0	0.09850905	false	0	0	17	0	1	0.0	10.0	1	0	0.63394595	0.0
Transcription elongation factor S-II	Transcription elongation factor S-II	12.74954955	1.0	0.07843414	false	0	0	21	0	3	0.0	19.0	3	0	0.53001802	0.52777778
Regulator of Ty1 transposition protein 103	Regulator of Ty1 transposition protein 103	12.8018018	0.0	0.078114	false	0	0	21	0	1	0.0	28.0	1	0	0.52792793	0.0
60S ribosomal protein L23-B	60S ribosomal protein L23-B	7.98738739	1.0	0.12519738	false	0	0	20	0	2	0.0	8.5	2	0	0.7205045	0.77272727
Regulator of Ty1 transposition protein 107	Regulator of Ty1 transposition protein 107	11.6954955	0.0	0.085503	false	0	0	19	0	1	0.0	6.0	1	0	0.57218018	0.0
60S acidic ribosomal protein P1-alpha	60S acidic ribosomal protein P1-alpha	7.53693694	1.0	0.13267989	false	0	0	18	0	2	0.0	4.5	2	0	0.73852252	0.64285714
60S acidic ribosomal protein P2-alpha	60S acidic ribosomal protein P2-alpha	7.53693694	1.0	0.13267989	false	0	0	18	0	2	0.0	4.5	2	0	0.73852252	0.64285714
40S ribosomal protein S17-B	40S ribosomal protein S17-B	7.55315315	1.0	0.13239504	false	0	0	19	0	3	0.0	12.0	3	0	0.73787387	0.52173913
Ubiquitin-activating enzyme E1 1	Ubiquitin-activating enzyme E1 1	7.16396396	0.0	0.13958753	false	0	0	17	0	1	0.0	9.0	1	0	0.75344144	0.0
DNA-binding protein RAP1	DNA-binding protein RAP1	10.76216216	0.0	0.09291813	false	0	0	18	0	1	0.0	5.0	1	0	0.60951351	0.0
N-terminal acetyltransferase A complex catalytic subunit ARD1	N-terminal acetyltransferase A complex catalytic subunit ARD1	9.96756757	1.0	0.10032538	false	0	0	22	0	2	0.0	2.5	2	0	0.6412973	0.83333333
Pre-mRNA-splicing factor RDS3	Pre-mRNA-splicing factor RDS3	9.81261261	1.0	0.10190966	false	0	0	23	0	3	0.0	8.33333333	3	0	0.6474955	0.55555556
Midasin	Midasin	7.86306306	0.0	0.1271769	false	0	0	19	0	1	0.0	7.0	1	0	0.72547748	0.0
U3 small nucleolar ribonucleoprotein protein LCP5	U3 small nucleolar ribonucleoprotein protein LCP5	7.09369369	1.0	0.14097028	false	0	0	19	0	4	0.0	9.25	4	0	0.75625225	0.40217391
Large subunit GTPase 1	Large subunit GTPase 1	7.71171171	0.0	0.1296729	false	0	0	19	0	1	0.0	13.0	1	0	0.73153153	0.0
40S ribosomal protein S8	40S ribosomal protein S8	7.5963964	0.0	0.13164137	false	0	0	19	0	1	0.0	10.0	1	0	0.73614414	0.0
40S ribosomal protein S4-B	40S ribosomal protein S4-B	7.5963964	0.0	0.13164137	false	0	0	19	0	1	0.0	10.0	1	0	0.73614414	0.0
60S ribosomal protein L41-A	60S ribosomal protein L41-A	8.39279279	0.0	0.11914985	false	0	0	21	0	1	0.0	22.0	1	0	0.70428829	0.0
Ribosome biogenesis protein NSA1	Ribosome biogenesis protein NSA1	9.16396396	1.0	0.10912308	false	0	0	21	0	2	0.0	8.0	2	0	0.67344144	0.72727273
Eukaryotic peptide chain release factor GTP-binding subunit	Eukaryotic peptide chain release factor GTP-binding subunit	8.57657658	0.0	0.11659664	false	0	0	20	0	1	0.0	2.0	1	0	0.69693694	0.0
Transcription initiation factor IIA large subunit	Transcription initiation factor IIA large subunit	14.64504505	1.0	0.06828248	false	0	0	23	0	2	0.0	4.0	2	0	0.4541982	0.66666667
Pre-mRNA-splicing factor ATP-dependent RNA helicase PRP16	Pre-mRNA-splicing factor ATP-dependent RNA helicase PRP16	8.88648649	1.0	0.11253041	false	0	0	22	0	2	0.0	28.0	2	0	0.68454054	0.60869565
Unknown	Unknown	8.89009009	1.0	0.1124848	false	0	0	22	0	2	0.0	24.5	2	0	0.6843964	0.55681818
Spliceosomal protein DIB1	Spliceosomal protein DIB1	8.88828829	1.0	0.1125076	false	0	0	22	0	3	0.0	18.33333333	3	0	0.68446847	0.41666667
Pre-mRNA-splicing factor ATP-dependent RNA helicase-like protein PRP2	Pre-mRNA-splicing factor ATP-dependent RNA helicase-like protein PRP2	9.82702703	0.0	0.10176018	false	0	0	23	0	1	0.0	13.0	1	0	0.64691892	0.0
Nucleoporin NUP1	Nucleoporin NUP1	8.29009009	1.0	0.12062595	false	0	0	14	0	3	0.0	5.33333333	3	0	0.7083964	0.53333333
Serine/threonine-protein kinase RAD53	Serine/threonine-protein kinase RAD53	10.78918919	0.0	0.09268537	false	0	0	18	0	1	0.0	4.0	1	0	0.60843243	0.0
Eukaryotic translation initiation factor 5A-1	Eukaryotic translation initiation factor 5A-1	7.03063063	1.0	0.14223475	false	0	0	18	0	2	0.0	11.5	2	0	0.75877477	0.60526316
Transcription factor SPN1	Transcription factor SPN1	13.7963964	0.0	0.0724827	false	0	0	22	0	1	0.0	2.0	1	0	0.48814414	0.0
Ac-LAA-ep	Ac-LAA-ep	9.12972973	1.0	0.10953227	false	0	0	17	0	4	0.0	32.0	4	0	0.67481081	0.72727273
Ac-LAV-ep	Ac-LAV-ep	9.12972973	1.0	0.10953227	false	0	0	17	0	4	0.0	32.0	4	0	0.67481081	0.72727273
Ac-PPA-ep	Ac-PPA-ep	9.41261261	1.0	0.10624043	false	0	0	18	0	2	0.0	31.5	2	0	0.6634955	0.92647059
Cepafungin I	Cepafungin I	9.12972973	1.0	0.10953227	false	0	0	17	0	4	0.0	32.0	4	0	0.67481081	0.72727273
Glidobactin	Glidobactin	9.12972973	1.0	0.10953227	false	0	0	17	0	4	0.0	32.0	4	0	0.67481081	0.72727273
carfilzomib alpha-chloroacetamide 1	carfilzomib alpha-chloroacetamide 1	9.41261261	1.0	0.10624043	false	0	0	18	0	2	0.0	31.5	2	0	0.6634955	0.92647059
carfilzomib-alpha-chloroacetamide 5	carfilzomib-alpha-chloroacetamide 5	9.41261261	1.0	0.10624043	false	0	0	18	0	2	0.0	31.5	2	0	0.6634955	0.92647059
Pre-mRNA-splicing factor ATP-dependent RNA helicase PRP22	Pre-mRNA-splicing factor ATP-dependent RNA helicase PRP22	9.72432432	1.0	0.10283491	false	0	0	23	0	3	0.0	22.33333333	3	0	0.65102703	0.4751773
Mediator of RNA polymerase II transcription subunit 19	Mediator of RNA polymerase II transcription subunit 19	13.76756757	1.0	0.07263447	false	0	0	22	0	3	0.0	6.66666667	3	0	0.4892973	0.66666667
DNA-directed RNA polymerase III subunit RPC4	DNA-directed RNA polymerase III subunit RPC4	14.58558559	1.0	0.06856084	false	0	0	23	0	2	0.0	11.0	2	0	0.45657658	0.64705882
DNA topoisomerase 2-associated protein PAT1	DNA topoisomerase 2-associated protein PAT1	9.96756757	1.0	0.10032538	false	0	0	23	0	2	0.0	6.0	2	0	0.6412973	0.85714286
P27999:#DNA-directed RNA polymerase II subunit RPB9#Q04307:#DNA-directed RNA polymerase III subunit RPC10	P27999:#DNA-directed RNA polymerase II subunit RPB9#Q04307:#DNA-directed RNA polymerase III subunit RPC10	12.77477477	1.0	0.07827927	false	0	0	21	0	2	0.0	23.5	2	0	0.52900901	0.734375
A1 cistron-splicing factor AAR2	A1 cistron-splicing factor AAR2	9.73873874	0.0	0.1026827	false	0	0	23	0	1	0.0	42.0	1	0	0.65045045	0.0
TRP-ARG-SER-TYR-TYR-ALA	TRP-ARG-SER-TYR-TYR-ALA	8.53873874	1.0	0.11711332	false	0	0	17	0	2	0.0	19.0	2	0	0.69845045	0.82608696
synthetic peptide (polymer)	synthetic peptide (polymer)	8.53873874	1.0	0.11711332	false	0	0	17	0	2	0.0	19.0	2	0	0.69845045	0.82608696
Proteasome chaperone 3	Proteasome chaperone 3	8.54594595	1.0	0.11701455	false	0	0	17	0	2	0.0	11.5	2	0	0.69816216	0.54761905
Proteasome chaperone 4	Proteasome chaperone 4	8.54594595	1.0	0.11701455	false	0	0	17	0	2	0.0	11.5	2	0	0.69816216	0.54761905
Eukaryotic translation initiation factor 2 subunit alpha	Eukaryotic translation initiation factor 2 subunit alpha	10.23063063	0.0	0.09774569	false	0	0	21	0	1	0.0	5.0	1	0	0.63077477	0.0
Eukaryotic translation initiation factor 3 subunit C	Eukaryotic translation initiation factor 3 subunit C	13.2	0.0	0.07575758	false	0	0	24	0	1	0.0	2.0	1	0	0.512	0.0
Pre-mRNA-splicing factor SNT309	Pre-mRNA-splicing factor SNT309	10.66666667	1.0	0.09375	false	0	0	24	0	2	0.0	11.5	2	0	0.61333333	0.67647059
Pre-mRNA-splicing factor PRP21	Pre-mRNA-splicing factor PRP21	10.65045045	1.0	0.09389274	false	0	0	24	0	2	0.0	8.5	2	0	0.61398198	0.65384615
Mediator of RNA polymerase II transcription subunit 11	Mediator of RNA polymerase II transcription subunit 11	13.73873874	1.0	0.07278689	false	0	0	22	0	4	0.0	7.5	4	0	0.49045045	0.68181818
UV excision repair protein RAD23	UV excision repair protein RAD23	8.38738739	0.0	0.11922664	false	0	0	16	0	1	0.0	8.0	1	0	0.7045045	0.0
Eukaryotic translation initiation factor eIF-1	Eukaryotic translation initiation factor eIF-1	8.27207207	1.0	0.1208887	false	0	0	19	0	2	0.0	4.0	2	0	0.70911712	0.8
26S proteasome regulatory subunit RPN10	26S proteasome regulatory subunit RPN10	6.84864865	1.0	0.14601421	false	0	0	15	0	4	0.0	13.0	4	0	0.76605405	0.59090909
Probable 26S proteasome regulatory subunit p28	Probable 26S proteasome regulatory subunit p28	7.75135135	0.0	0.12900976	false	0	0	16	0	1	0.0	17.0	1	0	0.72994595	0.0
DNA mismatch repair protein HSM3	DNA mismatch repair protein HSM3	7.96756757	0.0	0.12550882	false	0	0	17	0	1	0.0	16.0	1	0	0.7212973	0.0
Ubiquitin carboxyl-terminal hydrolase 6	Ubiquitin carboxyl-terminal hydrolase 6	7.71351351	1.0	0.12964261	false	0	0	16	0	3	0.0	13.33333333	3	0	0.73145946	0.74074074
Pre-mRNA-splicing factor 18	Pre-mRNA-splicing factor 18	9.73693694	1.0	0.1027017	false	0	0	23	0	2	0.0	22.5	2	0	0.65052252	0.53571429
Protein LTV1	Protein LTV1	7.67387387	1.0	0.13031228	false	0	0	18	0	2	0.0	7.0	2	0	0.73304505	0.63636364
Protein transport protein SSS1	Protein transport protein SSS1	9.02882883	0.0	0.11075634	false	0	0	21	0	1	0.0	6.0	1	0	0.67884685	0.0
Ribosomal RNA-processing protein 14	Ribosomal RNA-processing protein 14	10.81261261	0.0	0.09248459	false	0	0	23	0	1	0.0	2.0	1	0	0.6074955	0.0
Transcription factor BYE1	Transcription factor BYE1	12.76216216	1.0	0.07835663	false	0	0	21	0	2	0.0	19.0	2	0	0.52951351	0.59375
Pre-mRNA-splicing factor NTR2	Pre-mRNA-splicing factor NTR2	9.73693694	1.0	0.1027017	false	0	0	23	0	2	0.0	24.0	2	0	0.65052252	0.57142857
Enhancer of polycomb-like protein 1	Enhancer of polycomb-like protein 1	11.08108108	1.0	0.0902439	false	0	0	18	0	3	0.0	3.66666667	3	0	0.59675676	0.73333333
Chromatin modification-related protein YNG2	Chromatin modification-related protein YNG2	11.08108108	1.0	0.0902439	false	0	0	18	0	3	0.0	3.66666667	3	0	0.59675676	0.73333333
Chromatin modification-related protein EAF6	Chromatin modification-related protein EAF6	11.08108108	1.0	0.0902439	false	0	0	18	0	3	0.0	3.66666667	3	0	0.59675676	0.73333333
Chromatin modification-related protein EAF5	Chromatin modification-related protein EAF5	15.43423423	0.0	0.06479103	false	0	0	23	0	1	0.0	2.0	1	0	0.42263063	0.0
U3 small nucleolar RNA-associated protein 9	U3 small nucleolar RNA-associated protein 9	8.24144144	1.0	0.121338	false	0	0	20	0	3	0.0	7.33333333	3	0	0.71034234	0.66666667
Pre-rRNA-processing protein TSR2	Pre-rRNA-processing protein TSR2	8.02522523	0.0	0.12460709	false	0	0	20	0	1	0.0	6.0	1	0	0.71899099	0.0
DNA repair and recombination protein RAD26	DNA repair and recombination protein RAD26	12.77477477	1.0	0.07827927	false	0	0	21	0	2	0.0	23.5	2	0	0.52900901	0.734375
Pre-mRNA leakage protein 1	Pre-mRNA leakage protein 1	10.67747748	1.0	0.09365508	false	0	0	24	0	3	0.0	8.33333333	3	0	0.6129009	0.49019608
U2 small nuclear ribonucleoprotein B''	U2 small nuclear ribonucleoprotein B''	10.76216216	0.0	0.09291813	false	0	0	24	0	1	0.0	6.0	1	0	0.60951351	0.0
40S ribosomal protein S29-B	40S ribosomal protein S29-B	7.59459459	1.0	0.1316726	false	0	0	19	0	2	0.0	12.5	2	0	0.73621622	0.625
Ribosome assembly protein SQT1	Ribosome assembly protein SQT1	7.94054054	0.0	0.12593601	false	0	0	19	0	1	0.0	9.0	1	0	0.72237838	0.0
Ankyrin repeat-containing protein YAR1	Ankyrin repeat-containing protein YAR1	7.62882883	0.0	0.13108172	false	0	0	19	0	1	0.0	19.0	1	0	0.73484685	0.0
Protein HIT1	Protein HIT1	9.23063063	0.0	0.10833496	false	0	0	22	0	1	0.0	2.0	1	0	0.67077477	0.0
Protein transport protein SBH2	Protein transport protein SBH2	9.02882883	0.0	0.11075634	false	0	0	21	0	1	0.0	6.0	1	0	0.67884685	0.0
Actin-like protein ARP8	Actin-like protein ARP8	14.43783784	1.0	0.06926245	false	0	0	22	0	2	0.0	3.5	2	0	0.46248649	0.875
Pre-mRNA-splicing factor ATP-dependent RNA helicase PRP43	Pre-mRNA-splicing factor ATP-dependent RNA helicase PRP43	10.75315315	0.0	0.09299598	false	0	0	24	0	1	0.0	6.0	1	0	0.60987387	0.0
U1 small nuclear ribonucleoprotein component SNU71	U1 small nuclear ribonucleoprotein component SNU71	11.6954955	1.0	0.085503	false	0	0	25	0	2	0.0	7.5	2	0	0.57218018	0.83333333
Protein SDA1	Protein SDA1	8.31891892	0.0	0.12020793	false	0	0	21	0	1	0.0	11.0	1	0	0.70724324	0.0
Regulator of Ty1 transposition protein 102	Regulator of Ty1 transposition protein 102	11.77477477	1.0	0.08492731	false	0	0	19	0	2	0.0	3.0	2	0	0.56900901	1.0
P53632:#Poly(A) RNA polymerase protein 2#Q12476:#Protein AIR2	P53632:#Poly(A) RNA polymerase protein 2#Q12476:#Protein AIR2	8.87927928	0.0	0.11262175	false	0	0	21	0	1	0.0	9.0	1	0	0.68482883	0.0
M-phase phosphoprotein 6 homolog	M-phase phosphoprotein 6 homolog	9.84504505	0.0	0.10157394	false	0	0	22	0	1	0.0	7.0	1	0	0.6461982	0.0
Vacuolar protein sorting-associated protein 75	Vacuolar protein sorting-associated protein 75	11.37477477	1.0	0.08791383	false	0	0	19	0	2	0.0	7.5	2	0	0.58500901	0.625
Pre-mRNA-splicing factor CWC25	Pre-mRNA-splicing factor CWC25	9.73153153	1.0	0.10275875	false	0	0	23	0	2	0.0	25.5	2	0	0.65073874	0.57954545
Protein AF-9 homolog	Protein AF-9 homolog	11.37657658	0.0	0.0878999	false	0	0	19	0	1	0.0	12.0	1	0	0.58493694	0.0
SET domain-containing protein 3	SET domain-containing protein 3	11.37657658	0.0	0.0878999	false	0	0	19	0	1	0.0	12.0	1	0	0.58493694	0.0
P0AEX9:#Maltose/maltodextrin-binding periplasmic protein#P25554:#SAGA-associated factor 29	P0AEX9:#Maltose/maltodextrin-binding periplasmic protein#P25554:#SAGA-associated factor 29	11.37657658	0.0	0.0878999	false	0	0	19	0	1	0.0	12.0	1	0	0.58493694	0.0
Protein NAM8	Protein NAM8	11.66486486	1.0	0.08572753	false	0	0	25	0	4	0.0	7.5	4	0	0.57340541	0.625
General transcription and DNA repair factor IIH helicase subunit XPB	General transcription and DNA repair factor IIH helicase subunit XPB	16.67927928	1.0	0.05995463	false	0	0	25	0	2	0.0	2.5	2	0	0.37282883	0.83333333
General transcription and DNA repair factor IIH subunit TFB5	General transcription and DNA repair factor IIH subunit TFB5	16.67927928	1.0	0.05995463	false	0	0	25	0	2	0.0	2.5	2	0	0.37282883	0.83333333
U1 small nuclear ribonucleoprotein A	U1 small nuclear ribonucleoprotein A	9.81801802	0.0	0.10185355	false	0	0	23	0	1	0.0	9.0	1	0	0.64727928	0.0
Peptidyl-prolyl isomerase CWC27	Peptidyl-prolyl isomerase CWC27	8.88648649	1.0	0.11253041	false	0	0	22	0	2	0.0	28.0	2	0	0.68454054	0.60869565
Actin-like protein ARP6	Actin-like protein ARP6	12.29009009	1.0	0.08136637	false	0	0	20	0	3	0.0	5.66666667	3	0	0.5483964	0.70833333
RuvB-like protein 2	RuvB-like protein 2	12.29009009	1.0	0.08136637	false	0	0	20	0	3	0.0	5.66666667	3	0	0.5483964	0.70833333
Leucine permease transcriptional regulator	Leucine permease transcriptional regulator	8.76576577	0.0	0.11408016	false	0	0	14	0	1	0.0	3.0	1	0	0.68936937	0.0
Superkiller protein 7	Superkiller protein 7	10.80540541	1.0	0.09254627	false	0	0	23	0	3	0.0	9.66666667	3	0	0.60778378	0.80555556
N-alpha-acetyltransferase NAT5	N-alpha-acetyltransferase NAT5	9.96756757	1.0	0.10032538	false	0	0	22	0	2	0.0	2.5	2	0	0.6412973	0.83333333
Protein SFI1	Protein SFI1	9.28648649	0.0	0.10768335	false	0	0	15	0	1	0.0	4.0	1	0	0.66854054	0.0
Ubiquitin-like modifier HUB1	Ubiquitin-like modifier HUB1	9.85765766	0.0	0.10144398	false	0	0	23	0	1	0.0	5.0	1	0	0.64569369	0.0
Protein AIR2	Protein AIR2	14.78738739	0.0	0.0676252	false	0	0	23	0	1	0.0	2.0	1	0	0.4485045	0.0
40S ribosomal protein S22-B	40S ribosomal protein S22-B	7.4954955	1.0	0.13341346	false	0	0	19	0	2	0.0	9.5	2	0	0.74018018	0.67857143